Customer_Age,Credit_Limit
45,12691
49,8256
51,3418
40,3313
40,4716
44,4010
51,34516
32,29081
37,22352
48,11656
42,6748
65,9095
56,11751
35,8547
57,2436
44,4234
48,30367
41,13535
61,3193
45,14470
47,20979
62,1438.3
41,4470
47,2492
54,12217
41,7768
59,14784
63,10215
44,10100
47,4785
53,2753
53,2451
41,8923
53,2650
58,12555
55,3520
55,3035
42,15433
57,3672
66,7882
45,32426
51,6205
50,17304
49,3906
38,9830
49,34516
56,2283
59,2548
46,19458
52,4745
52,2622
54,1438.3
66,3171
49,19763
56,15769
49,3298
49,2802
56,4458
44,6273
42,3336
55,3436
48,34516
39,5926
44,23957
53,14734
51,34516
57,6584
44,2084
49,1687
50,25300
51,34516
55,2216
54,2910
42,22913
44,24312
53,5272
44,7000
37,7038
49,2536
47,28904
47,8567
44,34516
55,2158
59,10133
53,34516
52,3085
53,19040
43,4026
44,12756
57,5266
51,9930
49,31302
45,6576
53,2664
45,2535
64,1709
45,3454
53,3789
56,9689
47,5449
49,23032
41,34516
53,2940
44,3031
44,1862
43,8358
53,34516
44,14450
62,1438.3
54,33791
57,8466
42,15088
42,3263
54,1494
48,13551
49,18886
52,11976
50,9964
49,24159
53,5362
50,34516
55,3174
53,12262
47,3788
55,34516
47,2926
58,32090
53,11669
52,13532
50,11888
42,2393
43,6111
57,19270
52,3710
47,3235
44,11749
53,7753
45,10408
63,3967
39,6205
48,8025
51,9036
54,14926
59,6335
59,14979
48,2732
41,2250
55,10916
47,5349
41,9366
40,21617
68,13860
50,18386
47,2405
53,2154
42,2038
48,8135
49,9364
44,32643
43,3195
56,2852
59,4224
46,20459
47,3482
50,3065
51,2185
47,1611
58,2822
46,32975
53,1438.3
45,15875
52,6703
53,3212
50,34516
41,9797
45,10400
53,26792
67,3006
57,19482
59,3356
45,5771
51,11106
59,2890
53,3380
47,21331
49,12860
49,6278
60,1438.3
50,9355
41,20758
57,14612
43,27259
57,6347
54,21592
51,3449
47,6028
41,18214
53,16393
68,1438.3
59,7871
48,5288
44,11376
48,12302
47,34516
47,34516
43,10514
55,1438.3
59,1438.3
63,2619
58,24407
53,2377
59,34516
52,11086
48,11432
43,13258
48,2571
43,5781
44,7872
41,34516
44,11127
50,1857
60,1913
44,3839
48,2115
44,1438.3
41,27756
45,1438.3
47,13878
51,3106
51,34516
60,1438.3
57,18871
41,5207
44,17965
43,2733
55,8863
52,1857
44,34516
41,11107
44,21573
53,2859
39,5269
49,1438.3
45,3387
54,1982
49,4645
46,2189
46,2442
47,21304
44,7577
50,3234
73,4469
56,2910
59,3616
70,3252
55,2358
43,22322
45,3133
45,3540
40,6990
36,34516
59,1438.3
43,24396
46,2474
41,5214
51,5207
51,9512
43,3187
64,3353
54,2290
48,5279
40,23603
57,2601
45,6363
41,8029
42,2410
45,3401
42,2260
47,17682
48,4206
43,34516
41,23018
54,5556
54,6094
61,2939
61,5362
48,27126
45,3342
54,2532
54,1900
44,14546
50,2521
55,16427
48,13068
45,23218
60,3281
55,3096
62,2052
38,1438.3
46,9432
50,14938
45,2221
47,5731
48,34516
35,6985
51,24221
36,15439
47,21637
52,14543
43,9684
63,5007
61,1616
53,19116
53,2759
57,8249
38,14041
53,5264
63,2420
49,2826
45,12518
67,5876
48,34516
51,9648
52,34516
55,3025
34,3265
56,6041
44,2293
47,13399
46,4317
43,3378
50,5012
38,2569
53,3471
43,34516
53,3312
56,2578
54,2902
57,2742
62,2077
46,6265
49,7819
52,2731
58,1438.3
54,16286
49,34516
58,2609
52,7567
41,22770
62,3791
54,2702
40,2555
43,2355
53,5332
55,1443
46,10741
41,7984
49,18584
61,5585
46,34516
50,1438.3
40,2478
51,34516
50,2339
47,2726
43,14881
36,1628
47,3156
46,4745
46,19727
52,22720
43,8129
40,3751
54,1594
55,2569
49,18206
45,3104
49,2406
63,24571
40,15534
41,12301
37,2846
58,9788
55,7231
53,2324
57,12208
43,5639
58,10021
64,2215
54,2027
53,6363
39,3920
56,9226
54,9376
59,1944
42,9599
42,28202
43,24850
55,3805
52,2733
46,12781
57,3106
48,7477
45,34516
48,29963
47,6509
42,13450
41,27000
51,34516
55,6347
67,3106
39,2536
54,13048
55,2453
47,16138
49,8077
42,1929
57,3127
44,8645
56,1438.3
49,2185
45,24487
63,2567
44,4131
44,10790
40,6884
39,13961
42,29801
54,13219
58,2536
46,9478
47,3502
67,10509
50,1491
55,9734
46,2305
47,14241
36,4789
40,23138
57,23008
48,3131
58,5798
48,6880
48,34516
53,2075
50,4589
52,2317
53,1981
56,6038
44,14910
49,29659
54,4320
39,11213
39,26181
41,5773
53,4503
47,29770
46,5014
53,3445
60,23412
59,3044
38,14596
56,3864
35,17030
50,23090
53,29205
63,14035
43,2962
46,18578
61,2201
37,2061
42,24602
41,15911
56,16867
56,2783
52,2972
40,5124
63,2880
58,5579
58,12010
46,34516
37,4394
46,18325
46,3773
41,21684
48,1919
49,9995
44,11910
39,2279
57,3539
48,30579
47,24480
56,17561
54,1638
54,2947
52,5738
43,33304
59,7251
44,2885
56,2641
45,2801
55,16794
48,9336
56,2763
41,17391
65,3198
34,5100
56,3955
62,3140
45,4028
38,2264
49,21620
58,6385
41,2375
33,1963
47,4256
56,5097
51,3228
49,20231
50,27512
55,1929
26,2585
58,12151
46,34516
48,34516
42,5504
37,10021
63,3558
50,19853
41,4969
48,3117
46,21526
61,5504
59,5512
53,1438.3
39,7262
51,7319
45,1438.3
48,7712
47,2053
41,12804
48,26443
50,3125
56,4930
39,9476
47,11722
44,13301
61,1438.3
43,1438.3
59,6705
42,22718
40,23981
65,2318
48,19324
44,5331
36,15700
45,17625
39,17438
40,1962
62,8077
26,3290
60,2402
54,9256
62,3674
57,6462
59,1638
46,4335
44,3233
48,11862
43,34516
57,19802
46,24869
40,3624
54,6175
57,10953
44,11338
47,5544
47,19665
50,2927
53,5146
56,1704
55,1438.3
53,2974
61,5472
57,2736
50,1438.3
56,5406
52,34516
60,1976
49,8714
46,8693
42,9247
45,7717
45,4908
44,7222
61,21740
55,2323
44,7788
55,1438.3
57,23700
45,11710
57,2278
31,4048
34,3663
53,1438.3
35,3518
44,1717
50,16813
33,16434
50,21872
51,15897
56,4271
55,7361
26,1438.3
42,8628
54,18750
44,21242
65,2961
38,11327
58,8308
39,3249
52,2981
45,8829
42,3714
42,7340
57,16952
55,20865
44,3083
37,10584
50,2240
51,12240
37,5120
36,3124
51,11261
65,2468
43,22157
46,11477
43,3933
56,8022
43,13771
53,30271
50,3244
43,2936
54,1438.3
33,6242
58,6175
41,11806
48,4734
55,6244
54,1438.3
51,34516
35,23561
50,24742
55,27560
45,5923
34,8581
55,3156
48,7151
46,1535
61,2122
48,17131
51,5822
39,3537
43,34516
53,16320
38,2407
49,3538
37,2684
53,34516
46,15459
44,4307
50,2081
58,2848
55,34516
44,6361
57,15428
57,2544
48,9959
51,8796
53,3428
45,1438.3
41,18001
51,2680
46,4675
40,2448
33,4049
53,8154
63,4559
61,19354
56,2340
53,13848
62,2490
50,32156
37,2578
62,9050
49,34516
57,8362
55,6514
50,4051
48,11959
60,2070
46,11840
47,3636
54,11067
53,11262
56,5108
56,2072
41,4119
60,5903
40,7860
49,5918
46,6741
36,3880
57,2494
38,22149
50,34516
62,5450
43,1438.3
44,2003
39,7723
38,18226
44,8128
43,5851
54,10260
38,26945
55,2243
42,34516
56,12248
59,1438.3
46,19843
55,2163
52,33864
39,4531
42,2950
43,7706
47,25657
42,17536
39,3770
50,10344
57,26437
41,2450
52,3136
43,6976
42,21134
58,2019
42,34516
55,9959
38,20241
40,2421
48,30948
32,2642
33,8070
58,4085
26,2187
46,34516
39,3358
36,1888
43,14447
45,32349
51,12605
62,2964
58,3785
42,2727
49,3343
53,9786
45,6407
29,4158
60,21697
50,31383
53,30883
45,12918
50,8520
46,14310
61,14434
46,7793
62,8990
43,4343
54,2872
50,9697
35,2967
35,2148
36,6116
42,18085
39,2524
50,33951
43,3312
39,9956
47,3888
60,30655
30,2997
44,11042
52,3386
45,15987
40,25188
36,2410
65,4315
35,2592
54,5476
53,2464
62,2378
40,20056
41,8013
53,3386
30,7906
46,11501
29,13632
37,2229
51,5158
31,2158
45,23271
57,10244
43,2588
44,10747
53,7474
32,3555
53,22140
54,9457
42,6218
38,2580
44,1438.3
54,6224
37,3093
48,4076
55,4861
43,9851
37,7349
34,2853
46,17023
32,10060
53,1595
46,8475
38,5559
31,2917
38,6692
46,8551
47,10569
47,7051
56,10117
47,8311
47,26442
64,4920
37,1438.3
42,26750
41,34516
65,1438.3
49,1869
54,14539
46,26977
50,5426
50,7623
48,4844
62,2683
39,3214
46,5374
41,8004
39,1438.3
46,2925
39,9235
44,8837
57,8801
40,3563
65,8138
26,1438.3
47,2458
47,4592
57,1438.3
31,1868
54,5269
43,20156
39,7410
53,12163
44,6224
59,4250
53,12059
34,2799
47,18037
54,5657
42,13770
53,4646
50,2514
56,14501
43,8663
44,2333
34,3038
61,8851
54,2945
49,5267
56,8512
47,19063
53,5376
30,7772
39,9173
44,34516
54,11975
46,15405
43,2615
35,23991
39,1888
61,3102
40,3170
53,34516
55,14938
41,17298
35,3131
61,11915
51,16868
42,3266
46,2770
46,3556
46,9149
26,1438.3
46,14701
62,14825
55,10127
55,2929
32,3735
37,2930
33,12716
42,22120
33,1438.3
60,4546
65,1759
57,4829
59,7692
45,2156
62,9521
51,26714
57,2092
38,11594
32,2834
43,4724
51,3049
50,20614
64,3250
53,3128
42,6414
53,2506
52,7469
60,3460
30,9959
43,4175
60,10264
46,4129
65,2658
44,4589
56,2781
45,24880
37,8504
48,8091
37,3417
39,9204
41,14302
55,3187
34,6313
52,15904
54,11696
40,20371
52,34516
45,7552
61,5561
57,1441
51,19715
60,2486
48,4570
34,3870
49,12938
53,21178
34,12182
54,3583
40,17018
49,16031
41,4203
46,4213
46,21548
30,18513
59,2483
50,3460
49,6511
45,1438.3
53,2615
42,2985
46,18797
33,2859
46,2888
61,9172
42,14281
47,7353
47,5145
53,4753
46,2171
26,4150
45,9106
36,2686
42,10239
52,34516
37,15017
53,4426
65,2155
47,20620
38,3238
52,14316
36,2607
43,6231
38,3730
65,3094
51,6630
40,1925
39,33406
39,2917
60,9452
43,2162
31,1438.3
55,34516
65,2888
54,3947
40,15970
38,1830
36,7712
43,20811
41,11789
50,3073
48,34516
39,34516
55,6725
44,2978
42,34516
54,34516
57,24545
53,1438.3
41,2490
39,10074
45,2259
46,34516
54,9519
40,3706
48,4438
56,1438.3
33,2372
44,4214
62,1438.3
33,2613
36,4331
46,3665
61,1438.3
41,4411
42,15871
35,12643
65,6088
36,13873
42,6158
51,5638
54,2178
40,12588
40,11942
57,3914
57,3038
53,5579
40,18693
28,2943
38,2435
37,2077
65,5756
58,21065
41,9428
54,6065
39,5024
26,2174
60,3398
35,4319
46,3673
47,1815
53,2495
55,34516
50,3368
38,7225
39,5202
39,1923
39,6929
49,4364
45,2400
55,25878
44,11876
49,4568
41,4740
49,4949
45,11189
44,34516
65,6099
35,3575
26,3184
38,13363
65,2163
58,3452
47,4466
33,3030
54,2112
35,7583
47,11760
35,2259
48,19762
36,2803
44,25666
44,9297
36,2999
64,4234
34,15987
49,16435
37,5335
65,3506
53,3610
32,3172
44,8206
65,2416
60,2458
27,1677
52,11819
42,34516
29,1459
29,1458
38,1438.3
36,7758
40,10836
47,5062
36,3399
26,2212
43,3186
52,5927
49,5176
50,3126
34,4670
53,2162
49,10155
53,15242
48,34516
32,1438.3
38,34516
43,16043
51,3181
58,27088
59,5688
51,10462
62,5249
38,5155
33,10705
54,16494
37,6469
30,5146
61,2800
49,5159
56,5248
51,5881
44,1467
64,4999
46,4668
39,1438.3
38,8638
53,9343
35,2256
26,8267
32,2235
36,3735
48,2111
55,10604
52,21782
52,2133
58,16677
38,2717
60,3980
55,8411
43,2227
35,34516
38,1860
48,2829
38,3764
43,4559
36,4701
34,1631
39,8096
43,2304
48,5210
44,5452
38,7475
62,2359
30,4237
39,18582
53,7202
64,1438.3
51,11221
32,18889
52,2066
43,34516
40,2742
54,20050
34,3046
33,6193
36,5634
65,4507
43,3040
53,21006
48,7326
39,3651
57,3416
51,3664
48,6085
51,22332
26,2063
38,4429
35,3991
46,2201
48,2852
49,9723
35,5325
65,7427
53,5619
54,5413
64,7646
39,2420
50,4252
54,2031
38,6861
39,3327
53,2885
53,7272
32,34516
57,2515
65,2798
57,34516
65,1438.3
65,12609
55,19159
54,9642
44,8396
58,6978
53,2459
33,12956
47,7128
51,18749
38,2193
57,4522
36,2157
35,11927
55,11341
57,7345
56,6036
38,2096
54,1906
48,5039
53,6214
30,1512
47,34516
60,3346
54,34516
37,6660
32,2234
44,9671
53,6605
43,3083
49,5456
38,4394
56,4088
26,3930
58,4188
33,3637
35,11521
37,2253
27,2339
43,30503
49,4596
49,5701
39,3221
41,3022
32,2699
58,2210
56,1438.3
37,2041
39,3250
26,1643
31,34516
46,29543
36,3158
39,2899
53,2972
38,5645
37,2463
47,1438.3
56,34516
55,2897
31,5391
62,2870
34,23959
33,14918
38,3590
65,2297
57,25058
58,7418
60,3012
39,4562
39,10723
39,1578
60,2094
37,4138
41,5417
56,34516
60,9592
56,8881
62,1438.3
41,3893
44,3242
59,6035
55,17642
26,4327
40,34516
44,4852
37,7147
37,10320
65,3297
46,9981
53,3329
56,5991
48,3235
34,6259
65,2541
55,21351
32,8998
58,10247
54,20311
52,33182
36,1686
56,4742
33,1726
61,8420
61,3352
43,6648
48,2335
36,12397
34,1438.3
53,2240
43,5330
61,1795
55,5741
51,2002
38,25662
52,22103
36,1438.3
45,12355
34,2000
27,8713
49,9165
43,11583
52,1438.3
31,8149
40,3616
39,8434
45,9791
37,8444
49,2228
56,12211
62,1438.3
37,1586
42,2247
36,2789
59,4241
40,8398
43,4112
29,15578
42,4008
63,12766
36,3438
53,16692
36,4066
36,13080
26,1934
45,3230
55,3615
61,1801
26,2665
40,28822
38,14632
32,6715
53,6658
52,3360
29,14853
38,4800
27,4610
46,1438.3
57,8377
42,4147
62,2644
37,13355
57,3251
35,2100
55,3566
56,14915
39,13003
64,2492
37,1758
34,5510
46,17196
65,5877
36,7667
35,2939
49,5898
46,19995
26,2773
52,3323
38,16049
37,3601
33,2307
59,3742
34,2937
39,3209
59,12554
50,4702
26,5645
32,14308
51,4882
41,33405
39,2700
49,2934
30,1548
40,5525
36,5750
56,27157
37,12830
51,5530
36,2684
62,2437
31,3827
42,34516
38,5940
45,13162
50,1963
58,18713
35,3023
58,6103
42,10607
32,2917
35,34516
51,25197
63,2743
42,4111
36,3667
42,3178
37,5674
38,11444
29,1438.3
54,6387
33,5657
63,11827
49,2608
44,3203
33,34516
57,2472
52,2147
52,3416
39,8058
50,3410
43,19044
36,1606
55,24336
30,5030
36,24577
26,3517
48,7400
53,2956
42,3578
53,12778
58,1942
32,29961
48,33791
48,17657
54,2821
59,1479
35,1438.3
37,6859
36,3404
26,2158
35,1890
40,18386
55,3602
39,3766
39,5634
46,3126
49,3017
32,5478
35,13046
39,8687
53,6174
26,5655
32,5397
54,28465
36,3444
45,2104
49,15610
44,34516
32,16912
64,5462
37,2868
31,2685
49,5238
32,4561
53,13091
62,10826
26,2600
49,2561
30,7087
34,34516
41,10266
27,1553
33,6732
56,12181
36,7056
35,14365
27,11473
46,23996
48,2998
54,30011
38,2405
36,21927
56,3906
32,10029
36,4934
35,13882
26,2347
32,4116
56,13904
54,32558
54,12902
37,2509
38,2484
35,2780
39,5219
48,18102
29,4532
33,22399
39,4489
35,10329
43,2637
27,1864
52,13276
31,1935
45,6784
35,19127
55,32641
61,1438.3
37,2417
38,19259
54,3796
40,4042
47,17603
55,2894
37,16730
36,3282
53,15815
26,1672
45,8121
36,3182
60,3182
30,5061
39,6224
33,2735
48,2464
39,3477
38,3242
47,27858
26,1438.3
49,34516
38,6361
30,2490
53,14057
49,2461
35,7766
40,21308
30,4516
42,5424
62,1764
50,1493
56,17539
45,34516
35,2149
57,6256
33,11922
43,4075
53,7290
50,5965
30,9007
37,6077
37,1808
45,12810
58,3421
63,3118
43,20013
26,4395
37,9661
53,1973
55,9926
36,4108
51,20741
36,16335
35,4588
34,5712
57,5335
54,13184
29,8592
37,1910
53,6210
36,2220
49,20756
64,2895
53,3539
52,9274
35,3187
37,2802
50,2334
65,1438.3
53,3519
53,3088
40,34516
39,11906
53,11098
36,2224
35,3454
37,5723
36,9239
39,4061
65,4189
45,6373
38,2228
36,3261
40,8014
35,10980
54,3092
40,14315
59,1648
26,1730
46,13768
29,1709
38,1705
31,8673
35,6391
56,11102
34,24765
42,31864
29,5346
32,2801
37,3148
36,2786
37,11894
38,7535
52,33180
62,2986
35,6729
36,2601
54,3380
27,2730
26,3324
56,2665
60,5015
54,6905
48,5848
33,19136
64,3500
35,7453
54,6266
29,4945
33,27992
34,3735
48,6703
38,6162
42,3337
55,2205
62,4450
33,1438.3
38,2172
39,4323
56,4145
36,2032
29,7010
57,3205
55,16547
51,5930
57,7469
56,2235
26,2047
36,34516
53,2636
41,6425
26,2902
51,4002
34,5175
65,4599
52,31258
54,2683
37,11638
40,1829
55,8276
45,23539
37,2352
30,11371
55,2857
36,34516
39,6690
34,4439
47,5344
42,27310
61,2531
31,9096
40,34516
42,7169
54,5399
52,2280
31,6315
43,4402
49,27732
45,4947
38,3946
57,12291
63,3067
42,1438.3
61,8633
37,2394
61,11374
35,6921
57,2564
64,2720
39,9843
28,21691
53,1826
39,5746
35,2926
47,7061
47,5589
38,9620
26,2539
37,3642
57,3451
38,1841
39,5764
35,18278
38,16059
56,5887
36,3152
39,12464
58,4784
28,1950
65,7478
26,1438.3
28,1707
30,4016
31,2370
57,3478
43,1539
26,1438.3
39,3142
35,17236
52,1438.3
33,13206
53,2480
30,2898
59,1570
65,4460
33,1544
52,3456
26,2751
52,4153
37,3685
56,8902
35,2944
58,2232
34,1569
37,23622
53,3326
38,6116
38,11352
28,14910
39,17531
43,4138
36,8374
38,7049
37,3851
37,15936
29,2926
51,10305
54,2987
35,34516
38,6275
33,7185
45,3281
61,3077
33,2042
55,2001
34,3625
58,7803
38,5951
59,15796
57,7558
55,5381
63,3556
60,2661
53,3506
35,2066
53,8329
58,2774
33,4134
53,11329
59,9055
37,17393
50,5908
35,5825
28,3665
37,3797
39,3478
31,13734
37,3034
39,2973
38,24296
35,8969
30,2550
48,10357
33,1475
47,5154
37,3586
38,4646
39,1640
34,2379
65,3422
43,4365
38,32938
48,6710
38,2507
65,6184
36,2029
35,16659
58,2203
54,5122
53,3074
38,2584
31,2037
34,14938
38,2014
39,1818
37,14926
51,2827
53,2773
53,16033
65,3213
33,3616
37,5924
47,14535
59,2833
59,1479
34,1617
26,2237
45,2900
54,13126
52,8695
47,6692
57,2159
34,2501
36,6338
36,2190
57,7578
29,2963
37,8260
46,8309
55,3864
56,10230
32,22382
39,25790
63,2675
49,1652
38,5815
60,2595
38,3421
63,6922
43,6979
39,2594
35,16915
45,34516
35,2523
48,6235
26,1473
36,17116
37,4631
39,3047
49,32338
56,2253
45,16611
34,22886
29,3544
28,3480
65,3549
26,1438.3
57,3136
47,34516
54,6814
48,34516
36,8500
43,28170
54,6610
37,15755
33,2711
38,3735
36,10216
40,20420
37,13662
26,3038
45,7050
26,1775
42,8960
33,2355
57,6803
55,2145
40,3919
32,4500
62,2941
26,7102
37,6866
57,10378
47,13473
47,18178
48,8171
49,1438.3
35,8082
57,24589
62,30310
55,2967
36,3092
54,1618
30,2498
46,2564
43,10540
34,13384
55,16208
36,3049
44,19214
39,3071
34,13395
40,17126
42,8083
36,8995
26,2404
42,2807
55,3097
45,10651
61,2175
41,28020
35,2640
34,31313
37,7304
46,3254
26,1438.3
54,3161
47,7246
56,3088
42,13719
30,4726
32,6100
40,19279
33,3792
64,2084
33,34516
52,6849
59,2417
41,5802
38,2919
29,2462
43,1947
40,18563
37,3992
32,3568
36,7776
58,1438.3
53,9355
37,19636
47,7327
36,7049
26,2033
38,5153
32,2062
37,2005
26,2479
55,4589
35,2263
58,8184
32,9238
47,30210
32,6942
56,14551
34,1438.3
65,11332
55,30967
43,7866
31,2718
54,3084
52,17302
48,12159
54,2797
33,2618
26,1442
30,2063
49,8154
36,9735
56,4310
53,11450
39,8906
34,4245
53,21953
32,1614
39,5140
57,31762
48,11692
37,16043
36,15488
39,2503
31,3312
31,6269
36,20337
47,2224
37,3100
38,26437
39,9959
39,25008
37,2031
58,1654
58,4608
37,3908
54,2798
45,2551
36,8621
53,7451
34,2617
35,12634
32,6407
38,1438.3
37,2672
37,11948
47,2677
52,24703
54,2240
53,6052
33,2562
49,15377
37,8654
31,1438.3
43,1438.3
39,16040
38,2801
62,2658
58,12423
39,9347
30,3143
46,5106
39,9871
53,1525
34,19630
54,12547
54,17686
39,3257
36,4824
38,8603
45,11498
28,3818
37,16594
57,5387
48,2930
33,10023
38,9303
36,2956
37,2218
36,9959
54,5335
52,7187
53,2590
27,4255
32,2778
57,10711
58,16163
54,2513
45,3291
36,8917
39,4955
39,2909
34,34516
54,1438.3
54,14015
36,2540
37,3497
27,3682
55,4430
26,3877
56,15124
58,7712
42,19373
30,21590
38,3657
47,32444
33,5830
54,1438.3
65,6463
33,2400
44,2311
57,3585
34,9131
63,1438.3
37,1438.3
39,5471
39,8823
55,2173
37,5616
57,8571
45,2803
53,3924
37,5663
60,3955
29,7997
56,3652
37,12702
43,7189
58,12421
29,2585
38,2818
65,2351
62,3143
53,6514
26,3119
46,13092
51,1438.3
39,3702
51,9095
59,2701
56,1813
56,5335
31,2469
37,3091
36,2683
26,5464
61,2942
26,2735
35,15279
53,14938
59,4328
37,34516
38,5824
56,11281
37,7959
33,4459
38,17162
56,16254
59,3278
30,7173
56,3295
33,25033
31,4232
26,2703
29,2710
53,2322
35,5931
35,3300
56,1438.3
35,34516
35,8682
32,12616
49,9652
36,1651
37,2576
58,2212
35,2157
39,2575
65,8705
65,3838
51,10306
56,5366
58,2994
39,4247
51,1737
58,18431
34,2263
39,2718
54,5839
26,5137
53,11909
32,21390
49,9264
39,5484
32,4739
30,7970
37,3127
38,7756
46,34516
36,5605
33,2946
58,8886
46,3104
39,19435
54,3312
50,34516
41,5246
53,2432
36,3103
38,30746
55,34516
45,11962
36,14690
45,6629
38,5535
35,2544
48,3305
51,34516
37,9466
33,5297
31,4260
40,7291
43,13882
63,6500
35,1626
31,6662
36,5846
34,8063
29,6224
55,4597
46,7869
45,17884
52,1438.3
40,2046
46,6370
54,2737
36,2622
44,7266
37,2258
35,6510
64,2508
52,4006
37,3252
45,16317
28,2109
65,7023
55,8302
55,9959
41,3636
57,5184
37,14575
29,3107
62,1438.3
42,3092
47,8322
44,10110
34,2707
37,4397
33,5795
40,9760
51,6103
65,2246
46,4930
27,3178
37,3003
34,2318
34,2638
35,2004
55,2414
60,1438.3
56,2043
52,34516
45,3111
56,2585
26,2469
30,8744
34,4185
39,4759
36,24457
32,14244
48,6572
50,23381
39,3471
61,2250
65,15965
45,9433
34,9180
37,8818
44,4066
56,9031
36,9887
65,4161
26,2740
26,6152
34,8167
51,23742
57,16791
30,26783
35,25516
32,4815
62,3198
32,2218
53,23462
55,2252
26,2557
35,2300
31,3540
53,22938
45,13129
39,34516
61,3396
31,4712
37,7638
41,2624
58,17934
45,15198
57,3191
35,6053
39,5510
55,12875
41,2602
55,2041
52,2548
57,4698
40,2222
47,8217
42,10091
39,19074
39,34516
36,12852
36,12763
29,2827
56,8242
37,1825
61,1438.3
36,5497
51,6778
46,4267
31,3273
33,9371
50,1438.3
57,8389
65,28410
48,6168
57,2111
63,3141
50,8307
39,30753
39,2731
39,2890
52,34516
37,8058
50,5660
59,4230
38,9515
65,10962
57,23848
65,10144
38,2997
41,2647
55,4580
28,2608
31,34516
39,3156
44,24936
55,26101
57,14270
28,25618
35,3230
46,8881
65,11037
50,16763
31,2621
49,4939
50,4419
44,9235
63,3055
41,19412
56,12786
55,4666
48,4894
35,27389
30,2132
37,6590
53,3176
37,4288
65,20130
48,5945
37,3350
35,4008
35,5780
49,2497
26,10286
58,2347
29,23125
58,3034
33,7081
36,6824
47,1438.3
41,2683
46,12280
58,14607
53,2267
54,2556
39,12512
49,11332
35,3073
47,34516
38,5323
56,9078
56,27029
38,9859
46,4026
37,2608
63,3552
65,4613
38,10386
45,34516
26,2657
58,5031
48,34516
26,1612
48,2423
33,7140
62,3377
55,34516
40,2295
46,3150
58,2165
47,4249
50,2966
53,1612
45,14593
48,8327
43,34516
60,6479
56,18442
43,2800
57,3032
52,2151
56,24073
43,25517
38,7709
53,4065
52,13169
58,11811
34,7440
36,12714
55,3735
54,25882
36,3877
35,3280
53,11023
48,6182
37,2186
45,17996
54,2306
38,26556
35,5779
36,5494
33,7571
28,2897
36,3131
34,4274
55,4980
61,3156
44,6861
54,15554
39,26570
51,22224
47,10606
37,5865
47,5369
56,5188
53,17742
62,2591
58,2800
57,6543
54,26053
33,6316
54,4658
30,6476
36,8087
60,9033
46,3206
55,28751
55,2938
31,5715
55,2111
36,11862
34,2791
33,6551
30,4533
54,1854
53,6704
59,34516
41,5489
45,10619
50,2481
57,5100
63,5905
35,9293
35,5240
53,4182
33,9857
38,20117
31,6012
37,6369
36,13005
39,1575
58,6679
39,6458
61,20803
34,5540
55,2801
50,2419
33,5156
48,14228
63,10257
54,3032
41,1438.3
51,32096
54,3014
47,5762
52,2555
34,34516
64,2140
62,4760
38,26372
52,8203
35,2655
35,13655
54,12169
35,2956
35,2598
36,10566
33,8232
53,26365
37,4671
35,14869
59,2300
47,2797
48,2657
58,9149
55,2629
37,3176
57,21875
60,3007
50,17404
56,2863
48,34516
40,13919
48,18672
50,4204
61,6859
36,16050
46,34516
28,16766
49,20895
44,7881
57,13427
37,2281
57,10974
33,8925
46,5265
45,17156
53,13457
52,2742
34,3890
55,17198
53,3401
37,18951
58,1454
33,27499
39,32964
37,7411
32,7200
26,12007
60,3147
37,5110
43,5438
56,17450
52,18352
34,5030
47,34516
26,1585
54,3251
35,2858
52,34516
41,16443
36,3687
53,4840
42,15108
54,1909
53,19063
36,15982
42,1438.3
27,2549
58,5967
59,2182
63,2689
57,30622
56,4203
42,6453
29,3318
44,22075
33,6746
35,4408
33,4838
46,34516
27,3823
42,21670
53,7928
50,33996
48,4365
57,2248
34,1901
55,34516
58,31680
55,1872
48,2055
45,10991
59,3939
53,2127
47,34010
43,6971
33,1741
49,24904
54,1438.3
65,2621
49,11115
47,13241
51,14438
36,5228
36,5550
46,1438.3
62,2064
30,3450
46,34516
41,30030
50,2151
53,7181
55,27745
49,4852
56,6735
63,6128
41,23124
34,3436
35,3176
44,8874
38,3402
52,2689
54,1556
58,7372
26,5713
27,2965
33,9819
32,8186
58,3846
45,13131
48,2944
38,34516
54,5660
40,7554
35,2494
31,25215
40,2606
52,8133
57,3101
48,24446
49,2361
40,2441
45,8532
41,16954
36,2900
37,6827
44,4513
52,27347
42,1676
62,2802
49,23870
30,4868
50,20437
32,2239
32,2428
49,15027
37,32056
42,34516
36,5346
52,2143
48,34516
29,23507
33,1864
36,23032
36,4277
56,2771
28,2265
31,2853
44,3075
51,15340
55,3065
34,1438.3
61,7118
37,11419
46,2403
47,2821
54,2706
50,2999
36,2226
37,3351
47,5570
54,10448
64,2174
48,31501
35,21695
49,34516
42,13650
49,16156
53,2413
56,5920
41,5841
37,8418
30,2490
45,20640
54,9453
46,7949
36,2758
48,20148
59,1438.3
60,26566
44,13477
65,9706
46,7457
48,34516
53,19081
53,2447
41,28830
37,2563
29,5240
49,3397
47,1842
53,2383
33,20791
34,19900
28,32024
36,3701
30,4199
34,4353
38,4913
39,5454
32,2172
36,2845
37,18570
45,25907
38,2206
31,12050
65,2107
63,2107
65,3539
43,27175
51,17905
37,4940
55,3161
27,2464
34,3203
32,1835
49,1993
39,34516
27,7130
30,12539
39,8208
42,26222
55,34173
57,3377
53,5882
51,7158
47,5833
26,4152
37,11699
45,4505
55,7667
37,34516
36,2937
36,5257
39,10331
47,17557
56,4366
56,8037
38,8740
49,8514
36,2002
51,3132
26,2010
34,7567
56,2381
43,34516
47,16411
42,1438.3
38,3735
55,22127
28,5685
62,7348
52,11188
44,3650
29,5076
48,32658
43,28634
49,3414
43,12315
41,2690
43,12165
51,1792
37,19300
37,8120
49,2292
36,21434
50,3424
64,2787
36,8696
45,32446
41,9133
47,5116
39,18974
51,12101
55,5379
57,32676
36,34516
35,15202
38,2222
39,5858
65,2692
51,7165
50,1438.3
38,26988
36,2517
41,11091
40,10745
40,34516
26,2590
46,2722
49,8228
38,11777
49,34516
38,14821
36,1438.3
34,6131
52,2047
40,22380
36,12893
53,3351
40,5093
54,1438.3
34,2165
62,1927
39,22125
50,34516
36,5260
56,1438.3
44,4333
45,6637
36,3174
44,4396
52,34516
50,1438.3
53,6853
36,2570
27,2166
31,3647
36,11684
41,4475
28,16604
59,5446
43,28700
41,2888
46,9451
51,13933
44,6130
40,15008
32,4583
48,5268
58,14976
37,2282
51,5130
43,5702
41,14480
51,7570
52,12878
61,26218
49,34516
36,2804
35,5801
63,2271
36,3107
33,2001
33,1438.3
65,4465
61,3264
44,26856
38,34516
41,21756
44,4726
41,34516
45,5596
37,15326
51,11373
65,2644
37,2673
54,7477
46,16227
41,19110
49,2993
51,3290
50,11176
48,21416
53,2492
54,14265
46,16985
47,7469
52,4592
43,4341
41,34516
34,27710
33,13431
49,2645
44,14028
36,34516
37,5699
46,16284
65,3226
52,2803
50,34516
59,2192
37,8318
40,6391
40,4736
59,9944
52,4717
43,12778
48,16920
45,3240
30,4704
41,14987
51,3554
46,9227
50,7522
31,1677
48,2319
39,2722
50,2046
47,34516
53,18531
45,4112
46,34516
34,34516
39,4683
62,1438.3
53,4224
51,7133
34,10253
44,4210
49,12630
26,21084
56,3639
52,31945
65,5894
65,2209
35,23447
48,4180
53,4930
38,3417
50,4785
46,12685
48,21374
36,1911
41,8666
60,2759
49,5984
45,23000
36,1438.3
49,2976
43,34516
58,1438.3
46,16099
50,19595
43,13193
57,8184
30,2607
48,5758
51,25873
46,2695
46,20860
45,1892
52,27751
48,34516
47,24580
49,29893
43,21165
47,9148
55,10979
41,6519
44,2509
35,2664
40,14999
32,10332
50,10226
38,12050
39,26124
48,9816
52,2783
49,15942
46,12222
38,4002
60,34516
48,10227
45,4265
47,13867
43,2243
41,11239
53,22558
50,34516
56,23510
63,1651
53,8693
35,4549
51,3558
51,7176
44,34516
38,18293
40,18332
48,6383
42,13441
50,20114
54,2019
38,34516
55,1438.3
46,8017
49,8519
38,34516
50,9474
40,6587
32,2999
49,7154
53,4039
57,5516
64,5577
34,8628
43,30137
42,9778
48,20912
49,14699
57,10350
44,11346
63,15987
43,19711
33,8650
55,34516
50,9748
49,2454
48,34516
47,4255
35,3271
31,3480
50,13306
38,13637
39,6733
52,2728
49,6250
49,3653
44,22919
36,34516
44,4198
44,7532
35,4587
45,12250
56,17753
37,12535
48,3541
43,14622
45,23973
54,29200
46,10077
44,8667
44,12871
38,2346
55,9919
50,17087
42,5505
49,1902
31,4254
51,9854
47,7711
30,3213
46,3132
45,9977
53,5659
62,17161
65,5018
44,11474
51,7925
28,12793
49,4834
44,1438.3
55,12948
49,5662
34,2799
50,6030
42,6779
53,15248
53,15583
32,2576
48,25270
35,8717
45,1438.3
45,33755
53,7282
42,7260
43,12952
55,5353
38,11741
39,2609
51,11167
44,20882
42,34516
63,3071
39,2267
52,6617
57,3276
36,10097
42,8260
52,5776
40,1438.3
40,7207
38,2106
44,21158
43,22906
45,2648
34,30702
49,34516
53,17054
38,16317
36,3761
48,2173
53,15845
49,8061
37,34516
44,19430
42,19127
48,2708
60,23566
49,2532
37,9829
57,7226
59,4072
46,21646
39,1438.3
40,14046
49,25620
53,34516
59,21358
63,1856
36,1438.3
64,2586
39,3281
50,7115
38,13220
45,5996
47,9080
54,7563
40,8749
52,14973
63,7108
48,23007
46,24248
52,11617
45,30428
48,6805
59,14257
47,34516
55,5719
53,9517
41,5317
40,2526
52,2971
59,6834
36,3002
59,16727
41,4573
38,15410
44,3299
42,13453
48,6362
57,2679
34,4369
50,1721
41,2196
50,2845
49,21144
47,3952
45,3518
47,17343
43,3498
39,9121
36,20230
44,15422
47,9132
41,8054
42,1640
48,8739
46,1818
46,24949
46,3115
52,29695
56,7261
38,1621
41,33472
51,11512
26,12463
51,8511
41,4821
57,2480
44,34516
52,8596
49,7223
52,1629
44,17116
63,7216
44,28397
53,13720
47,7553
49,2952
35,11229
45,7109
45,1862
36,4511
42,2533
46,2016
49,3893
50,5530
57,1737
46,6853
55,34516
38,11068
35,5546
48,7277
57,9426
55,1594
47,2158
37,3490
48,2364
49,15704
49,18253
48,3696
52,8748
44,5608
41,34516
51,3236
45,2736
49,5195
47,34516
44,6327
42,4728
62,34516
32,6276
43,13430
62,2796
46,2457
62,7075
42,12386
39,32210
59,2136
43,10851
52,2717
59,3578
60,10698
48,4668
40,6772
55,10696
48,11851
36,11558
49,9551
40,29923
54,1438.3
40,34516
63,9033
44,3675
44,9183
45,7924
36,5383
45,21425
38,32866
44,1438.3
35,10467
55,12856
61,9721
43,3981
40,7587
51,3417
48,8012
64,3812
49,21378
54,12873
46,20229
34,5387
46,16546
48,11191
45,17576
65,4182
45,10271
40,1647
50,1560
40,1659
38,22487
36,5403
54,4717
50,5180
50,4915
41,12154
46,3258
44,13349
50,34516
45,31458
40,1438.3
46,10961
48,8904
47,2498
42,16105
43,34516
49,2222
46,16815
41,11538
45,9569
40,3340
40,3654
49,10541
51,34516
43,34516
45,1613
38,1438.3
40,13126
49,1922
45,14521
63,1931
43,8513
50,2421
47,1478
63,2466
30,2501
41,13602
38,3094
44,2485
50,14817
50,13824
46,1438.3
51,3797
53,6189
40,22956
49,3943
54,5569
50,2418
45,1963
46,7966
51,7742
63,2074
54,4948
51,4988
60,28701
30,6607
44,16034
33,24149
40,16903
52,1438.3
39,24657
51,5026
51,9352
46,4939
44,9502
62,2936
53,22855
47,6602
45,3728
42,2021
47,2255
41,15704
46,5746
36,8436
47,1438.3
56,8340
54,15108
42,15104
39,2490
45,2009
52,31668
46,5735
48,7633
46,23642
42,6698
45,1438.3
50,1438.3
50,2563
39,17814
45,7738
52,13114
42,34516
49,17345
51,8706
48,19272
52,4798
43,12254
49,9549
37,11568
48,6197
40,34516
49,5137
46,1791
50,7238
50,4514
44,5366
47,29812
48,9559
49,8353
51,5455
59,9899
45,15578
50,15641
46,3504
47,18432
46,2369
60,10882
38,3509
51,2469
47,14335
47,4005
49,1976
39,3664
44,3734
40,6033
56,4531
45,6245
37,34516
42,11880
43,4188
59,9344
42,24126
46,34516
28,2295
47,5496
54,12342
55,1928
62,12814
49,5242
48,8808
43,4469
51,8031
48,9728
47,4748
50,19999
56,6331
43,9662
47,1693
49,2964
48,5483
40,15186
41,33408
43,3125
42,2934
39,34516
50,5349
50,9810
50,7084
51,3537
47,8896
41,30733
49,10177
42,6848
42,17165
45,20274
50,19939
53,3378
51,9773
50,3668
64,3196
45,34516
52,7030
47,9410
38,34516
45,4096
43,7210
57,8026
47,18064
42,5596
52,6897
48,13991
44,11366
40,1707
50,23692
41,11191
42,3476
43,27781
44,10534
61,2721
51,10458
40,12544
46,11464
50,3104
48,11770
50,34516
44,10998
42,2757
46,5489
52,19709
42,6967
47,23424
39,21718
53,4908
52,1470
39,34516
63,7936
53,14366
54,9231
45,18679
45,20356
52,2259
64,6663
47,2424
45,15677
41,2334
56,1816
52,4950
39,34516
61,24172
57,9037
46,7616
38,11209
44,9908
40,18737
57,5330
52,19032
50,5916
51,16277
42,9442
51,2990
45,2210
44,1527
45,6022
55,26729
63,6102
33,6803
46,8101
41,4632
58,1996
51,11600
35,2657
42,8464
45,29003
51,5000
63,14963
45,3855
36,28200
39,2310
52,1960
52,3773
50,9771
60,6417
43,16037
49,14839
44,34516
54,8769
50,20968
44,2188
52,30314
47,18799
49,1638
45,3538
35,2546
65,10775
47,4798
56,5816
49,20533
58,9890
52,30820
45,6091
50,9690
62,6797
44,4985
61,2125
47,4012
52,23858
46,2619
40,6728
47,2680
52,2936
46,7478
49,2527
44,5644
50,2837
40,18584
45,5941
41,9576
63,9569
32,15412
55,2663
51,1438.3
52,5376
47,18873
39,5341
45,9904
43,7084
47,7498
51,5450
50,32719
37,3250
44,6111
62,12590
41,1982
39,25133
40,17818
46,5155
51,6006
64,2571
40,3269
50,2798
44,7277
32,3788
43,28262
47,2169
43,3767
46,8989
47,2838
48,7199
44,8495
40,34516
46,14164
50,3604
46,1752
43,4204
42,8017
43,2778
51,6649
40,6813
40,2797
45,18004
47,11242
26,10693
50,3026
37,1438.3
51,34516
49,12836
62,1892
37,11277
54,12815
44,24016
43,3482
44,26516
49,2285
48,9617
51,34516
41,2354
41,11533
59,5042
37,2584
50,1438.3
47,3402
55,1809
40,8624
48,22917
45,18410
29,34516
44,34516
41,10130
53,3099
55,19849
39,2283
39,6347
41,2758
44,34516
50,3469
45,5155
52,34516
50,4092
52,4675
43,2297
38,5260
51,3458
59,3943
52,3028
49,1438.3
47,11884
43,34516
47,26058
47,2808
42,1874
35,34516
61,11236
42,6380
52,34516
35,2664
50,1645
40,5797
45,21721
45,31756
43,8333
41,2067
38,2214
38,3775
41,4388
64,4100
46,5157
61,15939
46,9216
32,3413
43,20348
34,5015
54,2440
45,4948
49,2468
42,11328
49,1438.3
38,34516
51,3183
38,1438.3
47,12945
51,2458
40,34516
44,2617
40,6500
60,24528
49,15898
54,8516
50,10062
51,9589
44,5826
48,3521
53,8386
42,15449
44,7323
45,8924
52,1438.3
48,18965
57,7976
47,3054
53,10620
61,3984
65,2507
43,7599
40,31954
40,19666
39,6628
39,13049
45,3036
48,16575
38,23391
51,23898
47,4944
48,6921
47,18026
45,5216
65,7699
49,7232
61,8476
51,25837
48,1536
44,4453
45,34516
49,4389
38,13429
42,1840
44,17846
46,9013
40,18862
50,3230
46,7958
35,5619
49,4854
62,3807
45,2529
45,4097
56,3057
58,1957
51,2941
38,11252
39,24534
43,33384
44,2232
40,7582
49,13884
64,6167
49,11545
47,2872
44,5666
64,4417
48,2991
52,13109
57,5443
65,2717
52,2628
42,16054
37,3216
53,1438.3
46,12295
55,5794
51,1858
35,2593
41,12420
41,2775
43,2886
45,7037
44,7065
63,1896
46,11634
51,15987
44,13735
58,3880
38,6899
50,6508
46,5090
47,7015
51,30560
49,4384
47,2950
49,1511
49,4946
54,7477
57,32182
47,5715
49,9595
37,21952
45,2606
50,2826
45,1438.3
42,5667
45,6366
41,2122
44,1687
41,14320
53,5972
43,8771
64,7112
46,7333
37,2001
46,1438.3
48,34516
48,4207
38,1555
44,34516
55,6846
50,2071
43,11336
55,15221
47,21359
42,19366
41,2243
56,2923
50,7853
41,16386
48,11164
49,2960
41,10816
37,2917
44,2568
44,4539
48,4806
65,2025
54,6249
48,1686
41,10239
43,4284
46,2601
47,1738
42,4527
42,34516
47,3532
50,4846
43,11392
49,22036
43,2772
52,7474
40,34516
46,11117
47,10714
60,5420
38,2652
51,6492
62,11352
52,3167
41,7015
48,34516
43,3244
51,2431
42,3050
54,2191
52,5677
48,4176
40,2577
65,3305
47,9261
64,1564
50,12740
57,34516
58,3091
39,3812
54,3778
58,12698
41,26229
51,8346
52,5395
58,1490
42,18274
62,4409
45,7560
53,20783
53,6188
50,27876
44,1924
40,29149
55,1438.3
50,3160
38,1438.3
45,1438.3
40,1535
55,1438.3
49,2331
43,8156
47,8109
43,5853
48,5997
51,10824
47,9300
51,5351
49,2097
53,2266
55,13598
46,1803
50,6292
65,23566
51,1765
46,4964
42,3741
49,31631
40,5014
45,2484
65,7636
46,11096
47,25027
44,27391
58,3266
50,7050
54,2704
40,11721
49,2432
39,15142
51,1936
64,1829
43,2786
38,19595
44,3828
46,4786
44,22143
44,7150
63,25502
40,20178
46,5258
47,1561
43,11550
58,28618
47,6623
49,8136
42,19156
55,7982
45,3120
60,4606
48,2005
50,9949
41,2892
51,7093
47,1896
47,3569
41,4663
55,2553
38,5362
41,2873
40,7840
43,2209
36,1971
48,1438.3
41,6230
47,2636
44,22243
50,2855
46,7578
47,8440
53,4186
44,22074
46,17667
39,26548
51,3532
45,8795
49,2162
47,34516
53,34516
44,34516
41,3491
52,6060
48,7860
48,25190
50,13911
51,2281
43,5652
44,1606
45,2777
40,2223
48,2916
45,16476
44,9598
42,18570
54,13626
29,2298
40,9191
58,1438.3
50,4181
48,2592
51,7540
43,1477
58,2628
46,8916
52,1481
44,1555
45,8580
48,21163
39,2936
56,1438.3
54,30540
47,7357
44,11879
52,21877
42,7255
55,6394
49,34516
38,5597
42,32535
38,4391
46,8738
42,1592
65,3675
48,24593
55,7613
45,26107
53,4287
57,9843
50,10733
41,3460
46,1996
49,5536
31,1469
54,5597
51,8960
52,5693
43,4098
44,18358
44,2337
51,8989
51,2124
55,3968
42,2793
53,13513
43,16351
51,9619
56,19030
44,2107
55,2517
41,3179
48,3968
45,5065
65,10885
46,1438.3
52,10817
65,13666
49,2149
50,7191
52,2155
42,5395
50,3222
27,2042
37,1610
42,3809
43,5544
37,2388
49,2473
42,13103
48,2465
52,6081
45,21815
49,34516
38,3458
50,8264
65,1697
50,3069
46,10309
43,4983
42,3103
45,1663
55,2695
50,18178
50,14782
54,2488
45,1785
45,4701
39,1438.3
45,2826
52,4597
33,2591
40,2494
61,5039
48,7897
50,4772
35,3436
50,12064
53,9065
49,34516
45,10290
52,3433
40,34516
45,3240
50,1438.3
51,6462
60,4408
50,1438.3
46,1438.3
50,1773
52,4555
54,30666
53,1575
53,1891
40,16634
50,7985
45,3304
40,6247
36,3645
62,21329
35,7234
47,2262
40,1438.3
45,4187
48,16362
59,34516
44,2748
38,5242
43,21585
31,2488
50,9966
45,27804
45,15626
47,18800
49,1963
43,4579
43,25824
48,3429
59,15809
47,2493
48,6593
53,1625
53,2121
40,4757
42,8668
50,21869
45,2480
49,8190
55,1850
46,2483
40,2925
49,7066
48,2514
50,3640
50,5527
45,31625
57,32409
44,9827
50,2623
42,2993
37,12944
54,6401
43,5506
52,34516
46,17673
43,2656
46,6118
45,17437
50,1461
55,1965
51,30899
48,8876
44,2440
50,1652
46,15535
52,13354
49,26723
55,3949
49,5937
40,18806
45,3512
44,1975
41,2888
47,2263
38,26792
52,9375
48,2806
41,1478
53,6836
47,8757
40,10529
61,2122
45,2883
56,2339
57,5225
48,2582
60,11524
49,13039
50,2509
65,1456
57,5612
51,3025
40,4205
55,3515
52,26174
44,1602
49,29939
49,2115
42,5298
56,2433
60,1443
50,9758
42,4562
65,1438.3
41,4210
57,1438.3
48,24931
47,8854
62,2230
46,28327
56,2500
41,9246
43,11155
43,11926
54,5501
45,2110
49,12994
52,29551
46,5054
45,3136
43,6109
49,3989
33,3315
52,34516
40,1794
51,5993
44,8320
62,1930
45,2329
55,1438.3
55,18128
48,10642
38,2230
52,6946
50,9716
58,4377
42,2516
52,34516
55,1844
48,13233
41,34516
48,1593
50,8589
53,1714
46,1438.3
50,2433
47,21148
65,7487
47,5798
52,34516
52,7608
44,2184
35,2189
50,3495
52,8018
41,20543
62,18819
49,17811
43,14418
44,3936
43,5738
54,34516
55,1513
49,18075
45,5989
56,2490
49,2659
53,34516
49,13490
46,1664
49,7753
36,2909
57,34516
52,3476
52,16026
45,2705
54,2884
49,24299
43,20755
50,21096
46,6457
45,1603
43,9051
50,10057
33,2043
65,2802
56,1960
40,2348
40,2978
49,2017
29,13613
45,5553
51,6346
45,34516
40,1438.3
37,15133
42,2502
45,2589
47,2049
47,3560
49,1438.3
43,25937
43,2387
48,2912
53,7062
56,12186
64,3570
38,3072
51,31501
42,5928
44,8482
50,23911
62,1438.3
49,3261
41,2317
43,33913
43,34516
45,1637
48,5448
64,5152
46,15195
53,2799
38,1438.3
51,1817
47,3443
51,4281
56,2029
33,1438.3
52,28186
46,34516
46,3818
40,11494
49,28142
40,2316
43,10533
48,14322
50,34516
48,6798
46,1438.3
46,2445
51,2585
52,1438.3
46,1781
42,1606
42,2205
49,2270
44,2568
55,3292
54,10797
46,30501
45,5371
37,13441
52,9137
45,5848
47,10614
42,4035
59,4205
46,2586
41,7234
57,34516
35,21114
53,2522
37,11309
43,13883
43,13448
55,25991
52,2537
46,1438.3
40,13019
53,3339
49,28390
44,23665
46,1438.3
43,2459
28,1624
49,8900
48,5239
42,9351
43,2655
51,3173
48,6243
37,6730
40,2490
51,1746
44,4141
58,11684
47,2363
48,34516
46,28829
33,1438.3
47,2730
55,1994
48,9727
41,33771
39,10452
45,2858
46,4707
49,3537
46,8258
46,3072
48,8892
52,3841
37,1920
42,7802
48,1705
52,1822
45,9294
40,12248
39,10264
42,15069
41,4650
53,3685
49,7231
44,10007
52,2641
29,3095
48,3607
36,1954
45,21317
41,19402
45,8063
40,3097
48,1438.3
43,3161
38,2435
59,1845
49,1603
39,4710
50,2751
38,1438.3
52,24287
42,1694
50,1457
33,25045
52,10859
45,16928
37,4297
42,8302
43,2734
40,27374
43,2960
54,9110
42,1539
39,1947
45,2667
54,3062
47,3114
54,14948
49,1749
44,2534
46,2503
38,1854
43,4092
62,13284
59,4830
45,5911
53,11012
43,19188
44,18056
50,1438.3
31,3201
50,1479
38,3144
58,1854
49,1960
37,9782
47,3144
47,4738
46,34516
35,1438.3
43,34516
32,2156
63,1938
61,1438.3
54,3781
48,34516
49,1438.3
49,3261
35,2211
39,1493
48,20631
53,2255
51,1507
65,11097
49,8162
44,18721
62,5210
43,1736
51,1864
43,6611
34,7942
49,13382
63,18550
39,2650
37,1696
40,2628
46,1457
46,34516
40,3056
52,2650
58,3331
49,3343
51,4123
55,2677
57,3023
56,2238
59,3875
42,20803
48,2760
45,9086
47,21142
62,3653
44,1713
55,34516
43,6548
35,1953
49,3051
44,25256
48,1630
42,34516
43,10800
39,1876
42,4963
44,16739
56,2463
46,34516
50,4743
43,9382
45,2059
58,20410
39,6798
44,6472
45,2766
55,1438.3
49,3283
46,2470
43,20695
42,4228
45,31743
48,3212
47,5884
44,1724
59,2468
49,1438.3
47,3111
58,2799
48,1912
46,18927
51,2016
51,4830
56,1438.3
50,1986
47,2877
53,2312
46,2644
39,2062
50,3510
55,15026
50,27186
45,2174
42,29535
50,2974
50,1438.3
51,8148
48,2646
37,2054
43,34516
37,1879
45,15913
44,8685
60,2676
58,1438.3
42,1711
61,2572
56,4535
44,5950
39,2088
43,10466
39,4761
50,1488
44,19114
30,7536
47,2441
47,13189
49,1914
42,2468
57,2564
43,1679
44,3410
45,2728
51,7119
57,3532
60,7459
64,2294
37,1663
49,5129
53,1722
46,2586
50,8708
56,8869
45,2641
43,34516
52,34516
47,1965
50,1513
42,10543
49,17764
50,1438.3
49,6371
43,19188
60,3076
49,2822
42,4139
42,34516
43,4121
42,10074
43,2621
47,3394
56,17628
56,4480
43,3370
38,12871
47,3112
57,1551
44,1682
42,2758
49,1909
48,11332
44,7567
42,6743
48,32838
42,1438.3
43,2510
50,3199
35,1918
47,18660
41,7591
43,14315
64,18038
42,1853
49,4951
46,34516
51,1757
47,24033
38,3276
52,3614
47,1943
40,3795
43,4075
48,3001
47,5726
54,2077
41,2157
40,2037
33,14914
47,1580
46,15483
44,1916
51,3610
48,1667
51,1438.3
48,1942
48,2231
50,6465
35,8599
35,1438.3
51,4402
50,5444
50,1438.3
54,1438.3
45,2679
31,2766
42,25293
45,2707
45,1748
45,4034
53,26129
51,14902
38,12228
55,1724
47,1438.3
38,16665
52,20974
43,3139
54,19865
42,2069
35,2231
62,33371
48,2544
41,34516
49,5370
54,22437
53,3573
51,1959
59,1661
39,5363
65,3009
47,18535
42,2171
45,34516
57,2376
51,2882
50,3277
47,2514
57,3301
48,12391
47,2168
42,7762
45,12587
52,14785
37,3433
60,2425
63,11619
62,3989
47,2173
50,2393
39,1677
40,2035
39,8842
42,2483
65,13921
32,2761
47,2623
49,3232
48,19075
45,31978
62,34516
45,6225
49,2672
41,10360
50,10747
46,3135
42,1438.3
41,3189
65,8963
55,1723
36,2161
46,3901
58,1438.3
42,3131
38,2331
29,1895
46,26496
55,1583
57,1438.3
45,2072
47,2707
43,13608
52,10273
64,2609
52,8431
61,5852
40,3140
50,12914
45,8694
36,1735
51,2286
43,3589
51,2673
47,9437
39,2751
40,11557
38,14831
51,1495
44,2791
38,9703
47,3889
32,14140
53,9106
40,2694
45,19629
41,6507
53,10195
44,2096
39,11314
50,1837
39,7821
44,1984
56,2535
63,1970
50,34516
40,2694
48,4476
53,1699
44,1953
56,5264
40,3698
41,34516
40,2712
45,5486
40,2107
52,18096
59,2721
49,2976
47,16741
42,3714
41,6936
43,11099
40,15987
45,4406
43,34516
48,5104
46,7195
41,1956
38,3317
45,2759
44,6038
35,2942
49,5095
47,1438.3
48,10111
50,3201
44,2761
37,5987
47,5630
35,6622
51,18733
36,2265
33,2907
32,8791
59,2302
51,5489
50,2055
39,2147
49,1757
43,2900
41,2670
51,21382
54,2254
40,4433
55,1438.3
49,2520
41,5655
48,1438.3
44,2786
51,3961
43,2476
52,11606
45,8459
48,9554
50,4388
43,19826
34,2173
48,2545
49,1757
54,3164
44,6022
46,1804
53,22664
39,2527
49,3547
52,1438.3
51,6182
40,29715
49,2154
46,2179
59,4906
38,2346
45,4753
44,1880
64,12155
49,2721
51,6160
41,2069
41,28422
39,1438.3
41,1438.3
65,1671
44,1491
43,11422
54,5139
61,4783
47,2589
38,8138
51,4502
44,33521
48,4361
53,7026
50,16388
30,2905
41,2404
55,1477
43,3556
48,5649
41,14345
47,6524
55,2281
47,2633
51,7693
44,10262
49,11320
53,2482
47,3035
51,26308
53,6721
49,6205
35,2624
40,1479
44,4489
53,5842
42,8777
51,3250
46,15060
40,2126
47,4907
51,3553
41,2515
41,4428
43,1616
64,6723
42,2756
50,2897
52,5456
46,3569
39,34198
44,34516
57,2817
53,2126
43,2573
45,2016
48,4006
41,5869
47,4586
50,1438.3
46,1790
51,5862
43,7411
47,5667
47,15594
47,11410
47,1584
44,13298
51,2114
44,2540
41,1762
47,2245
47,8168
41,2238
54,3881
44,20485
44,9856
44,2111
43,2905
49,32244
47,5624
44,1656
42,3032
42,15699
40,6608
47,5062
44,1547
60,11060
41,1438.3
46,3670
42,1538
54,1438.3
45,2330
49,3170
42,2120
53,20231
48,1438.3
45,5583
41,7764
51,25670
45,3841
52,2001
44,8512
47,5869
44,5791
50,34516
49,2191
37,2865
43,6467
37,1468
58,5386
46,1438.3
59,5402
49,3855
42,2983
54,1438.3
31,4871
40,2636
32,1553
45,3304
49,34516
53,3378
34,2313
49,2434
60,1438.3
40,14544
59,24621
44,2337
49,2720
44,1965
47,33122
52,1438.3
47,2709
57,2404
41,4499
33,4734
55,4697
50,34516
47,2572
56,3110
41,1734
46,3562
43,1536
39,19198
42,4540
45,1438.3
54,1990
59,3422
45,2192
43,5152
41,2515
49,2094
48,1906
42,5096
39,2222
42,3015
48,3786
39,12078
48,6448
47,5398
59,1438.3
33,1438.3
48,2620
49,13435
43,3186
42,1950
63,7098
42,2250
45,34516
58,2495
39,3086
53,1520
38,4043
65,4599
38,1438.3
55,7869
60,5362
60,16541
45,7486
42,1438.3
51,8365
56,2846
49,7789
44,1438.3
48,2220
48,6626
46,5547
37,1734
41,2934
44,14527
48,2646
47,8185
46,6340
62,5711
46,2258
43,2086
44,3256
50,14854
49,7184
48,6541
62,9065
54,3682
56,1438.3
46,2286
57,12663
48,1438.3
39,1438.3
45,5056
53,1438.3
26,30928
40,1804
43,1669
33,9725
45,21696
49,2992
38,1934
43,34516
42,1734
42,1438.3
39,1438.3
48,9673
56,3609
39,1438.3
39,6423
48,14899
52,3224
44,4135
44,4969
41,8376
44,3454
42,25944
49,1438.3
38,1556
57,8701
33,5600
45,2900
61,4906
41,2687
40,4464
51,1438.3
34,2221
42,2966
38,1593
41,2450
53,1529
45,6274
43,1438.3
41,2134
50,17158
51,3359
47,11997
41,3302
55,2687
53,1438.3
46,1801
53,4573
48,2860
46,13387
46,2283
47,2033
49,2506
47,1438.3
42,2447
54,1438.3
41,10873
39,7596
54,2921
42,10136
52,2187
60,3302
40,30997
48,2578
51,1438.3
48,3034
46,1438.3
50,2611
54,2222
37,3328
43,2440
54,9723
60,2346
51,26142
39,12405
47,17655
51,4941
30,1644
34,3095
60,3828
49,2182
51,13906
50,10588
32,2973
50,4045
40,2165
34,5845
50,15341
45,3035
45,1986
45,4602
43,2689
65,9383
47,1438.3
42,1443
51,2847
44,15638
43,10700
44,1438.3
50,1694
53,7939
42,2555
55,2850
59,8973
58,6960
60,4167
49,5099
42,2782
44,1480
56,5070
52,2757
54,5774
55,6054
57,19090
43,2069
47,2447
56,3022
44,4473
54,5267
37,7199
49,1438.3
51,3245
47,3888
45,14728
38,1438.3
48,11272
49,2705
41,12270
54,3006
39,7901
38,5983
64,7362
55,3046
50,34516
55,12972
44,17785
55,3029
58,9097
51,1438.3
58,2375
47,8109
53,2618
42,3549
45,2718
60,2230
42,3802
55,2736
51,2258
51,1438.3
65,2954
50,11882
49,1438.3
38,1438.3
54,2778
54,2474
54,5632
49,11025
43,2642
43,30357
57,2201
46,2002
43,8777
53,2575
43,5182
49,3783
51,34516
46,1515
56,2865
46,2711
54,2341
51,13287
33,1438.3
41,1639
55,5668
55,24542
41,1959
50,1838
36,3111
39,3927
38,4345
46,3003
40,1438.3
58,2541
43,2422
56,1440
58,26108
29,2516
48,3646
61,2214
51,11862
44,8729
35,2423
48,4073
26,9916
39,1438.3
38,6452
51,1952
37,1438.3
53,4500
53,2252
39,2370
56,2610
52,2294
51,5062
43,2415
51,2918
53,2708
54,3666
36,1438.3
53,1438.3
39,2809
46,26303
56,15982
40,25060
42,1545
43,1438.3
43,4112
47,1451
49,16424
48,2340
47,1926
48,2954
36,1848
47,1634
49,4328
51,2943
54,2611
43,2419
49,5481
40,2129
40,9026
48,1761
60,3316
50,1970
46,1438.3
35,2278
65,13364
52,2801
44,28292
35,2933
45,21630
56,3132
50,2961
52,4173
37,2458
44,12229
35,2272
42,6953
48,1792
47,2765
43,2895
39,6904
39,2220
48,1495
42,2541
34,7531
47,8644
43,1531
50,2884
55,10241
50,4182
44,3101
54,4542
40,3372
40,3099
41,2416
52,5299
41,2138
47,1850
53,3585
48,2690
62,29100
59,2699
41,8376
50,13509
38,2396
50,18964
40,2114
39,1623
40,2579
41,5045
35,2089
48,2866
49,9738
55,4370
58,3355
43,5070
35,2572
40,2016
55,3552
43,2325
46,2533
48,3871
32,3983
61,2035
53,1773
42,2029
45,15490
56,2941
42,2314
40,4212
57,6248
40,2430
48,5543
42,2470
49,3255
44,1691
43,18229
48,2827
43,2351
45,4202
40,4712
53,2611
38,3206
39,5245
39,2583
59,1438.3
40,7464
54,4928
46,9863
44,5024
44,1438.3
44,1452
50,3317
39,1438.3
37,2448
49,1546
36,2013
53,2293
52,1438.3
53,2819
37,1702
52,1611
49,1438.3
39,2863
39,3272
42,2677
40,2708
41,1738
46,6145
45,1640
38,2348
53,1657
37,4554
52,5119
39,10600
49,20769
50,7116
51,2420
54,2082
44,2718
50,5626
49,2920
59,6526
37,1793
47,2798
52,2427
55,3011
41,2255
40,6479
41,7492
48,3632
38,1744
52,5905
37,2573
45,9654
41,1605
49,10195
49,34516
43,10573
47,1789
26,7595
51,3272
33,2382
52,1981
51,22294
49,2574
30,2112
65,5441
43,4391
42,3044
57,2721
62,4467
48,5033
61,8604
43,2325
60,2758
45,9705
41,2685
60,2694
40,1554
63,1438.3
42,1786
48,2648
44,2477
51,7336
42,34516
46,2479
42,9396
44,2561
43,4020
43,25856
50,7398
51,34516
52,4058
51,3042
60,2688
38,3388
43,4902
45,3241
48,5069
43,13625
46,8766
50,2800
34,9005
56,2713
53,1438.3
47,1746
49,2930
47,2178
35,1438.3
42,2021
52,1842
49,18284
41,34516
42,1696
52,7215
52,1793
52,5731
44,2417
48,1438.3
51,21800
53,1547
46,1485
44,2505
49,2631
48,2700
48,3307
38,29638
34,2066
46,1859
45,13362
33,2431
43,6034
61,2194
47,1963
41,1438.3
45,2922
50,6943
57,34516
45,4345
50,4248
51,1438.3
53,2383
55,1677
40,2392
52,3474
48,8737
44,3517
60,13397
65,6352
46,1787
62,18734
47,1438.3
50,3525
43,2067
45,2051
46,27378
38,1614
49,7862
47,4284
47,1438.3
55,1438.3
62,21805
55,4712
33,1698
41,2264
54,2720
55,15631
43,2594
52,15011
47,1548
52,2700
45,2919
50,10721
44,6125
42,3200
53,12286
51,21543
52,6355
52,5616
50,2661
38,2836
50,1438.3
51,2109
48,14951
47,1591
51,8930
36,4685
45,2555
53,2172
54,2912
53,3390
47,2193
51,17412
40,2801
43,11186
50,2434
53,1790
59,2716
49,2874
47,1438.3
56,18776
48,1438.3
55,19793
34,2472
58,12362
39,1438.3
47,3189
47,2092
37,2946
41,2430
50,4143
46,2197
53,9314
53,3719
59,6996
63,7306
41,2029
51,13199
38,3304
40,3125
51,1438.3
41,2491
58,1977
33,1806
38,1938
42,3188
44,2288
44,1780
47,2373
41,23250
47,34516
48,12882
54,6348
59,2621
33,1843
44,3228
43,2303
42,29195
41,2990
55,2873
50,28253
53,1882
33,1630
51,4546
58,2395
45,3845
56,2836
44,1506
48,1605
53,11778
55,2747
49,2501
64,2563
47,1659
56,3068
60,3426
59,3214
50,12906
59,8708
52,7904
48,4549
46,1438.3
49,4476
44,2002
40,11502
44,7924
39,16199
43,1452
37,2179
35,13590
31,1695
53,4430
49,2919
49,2796
41,2580
43,2834
44,2617
48,1522
41,16509
40,7316
44,7627
44,9465
48,8795
40,12283
34,2715
44,19897
44,2097
41,3028
34,1695
41,1438.3
37,1438.3
55,24250
49,5076
40,4438
36,1964
53,1904
46,2933
55,18202
47,34516
52,2421
44,2406
51,2621
34,2291
46,3645
37,3375
47,8856
36,2980
47,17656
57,2475
46,3942
57,1771
45,17678
50,20958
53,4117
43,18524
36,2222
56,3119
46,1611
53,4090
55,1467
52,2442
53,1816
40,1438.3
42,14958
43,21961
40,1625
49,3007
47,11629
42,1507
45,3111
60,1848
44,4142
46,1438.3
45,2202
42,3591
49,4781
58,3832
53,9025
44,11627
61,5686
49,2636
37,1438.3
43,4976
38,13951
44,14370
60,21681
59,2634
37,2204
48,2447
60,3068
48,1502
39,4181
52,3136
42,4478
60,7359
52,13090
44,6849
36,4228
49,5678
42,3964
48,7970
36,4692
45,1942
40,5821
48,2357
54,8294
32,3174
34,1438.3
46,1852
47,1809
48,3503
52,17835
45,3383
46,7128
36,1438.3
42,3815
39,1902
43,2077
48,2514
56,34516
45,2144
65,5951
54,4806
42,16612
53,2799
63,18064
49,2560
42,5821
43,2057
49,1972
44,2675
48,6223
44,7632
55,3258
46,34516
49,3054
35,1438.3
50,7970
55,1836
47,9397
60,1601
45,34516
51,1822
41,1614
54,1491
28,2543
50,3462
44,1699
46,13095
47,8823
48,4429
58,5396
65,2418
56,2086
48,1899
43,7564
41,13116
35,1438.3
48,3716
50,3069
51,2006
45,2948
47,1438.3
35,1438.3
58,4669
48,13994
57,8760
53,1688
46,9881
39,4534
57,3545
57,1857
56,3334
55,2496
41,1438.3
45,1438.3
52,9357
40,2423
45,1936
43,1783
59,1438.3
56,1438.3
44,10580
54,4597
49,1656
39,3279
49,2578
44,4068
42,2128
45,2704
38,1878
46,10600
58,9909
57,1665
50,1656
53,14111
52,2012
43,2837
40,1709
49,5714
41,5071
51,24028
31,13882
49,3585
40,9124
45,2705
56,1936
49,8051
36,3635
46,2532
54,2028
42,4304
46,6644
45,1830
37,7607
55,2060
49,1438.3
41,3126
47,6885
42,1871
31,2787
50,1867
41,1438.3
47,2473
40,4640
47,2712
46,8869
51,3853
53,1438.3
50,14409
59,1665
43,2639
59,2338
51,2774
57,4283
47,6263
35,2317
55,2239
41,2225
51,1519
48,5495
51,2141
43,2616
39,5494
52,2003
47,2092
44,6606
42,7102
51,13812
56,7075
44,4274
47,2317
51,1438.3
47,2888
44,12310
48,1622
45,1438.3
40,12559
56,2929
48,1438.3
50,2319
37,7927
55,1720
38,3642
49,3881
47,6143
42,1438.3
52,2035
47,3899
52,1981
50,2422
52,11964
50,3862
46,33142
40,34516
42,3454
29,2732
50,1687
43,3523
40,5773
45,4462
35,3976
55,2679
49,1564
53,1536
46,2375
50,2719
53,3369
58,3173
47,3139
50,2140
56,2258
48,2423
55,2376
38,1690
46,8583
52,2996
49,2880
48,34516
36,6966
36,11316
38,1438.3
44,11362
52,7210
55,7790
37,2023
51,9117
41,1801
51,8787
40,27436
65,2195
46,13734
45,2731
49,2453
49,7451
41,2644
41,34516
41,4575
51,4860
46,1438.3
37,1690
39,1438.3
46,24512
43,1654
63,21430
50,34516
37,1438.3
33,2800
44,3117
44,2558
47,10061
45,3416
39,9371
47,3147
52,1554
47,3502
49,2712
59,1438.3
39,3281
35,1438.3
39,2469
41,3497
46,2505
34,2763
49,2081
55,2815
56,1737
52,9078
46,6185
51,2069
45,9234
37,2684
48,2151
52,2749
44,1980
55,4232
45,1438.3
43,6931
52,3302
61,4235
51,6501
34,6376
33,1457
38,5576
56,1438.3
45,2478
44,3650
52,2111
30,12917
56,7327
46,13324
34,11154
43,9535
37,10226
37,2140
49,2904
40,1770
37,1534
46,2170
53,10001
56,4169
65,5363
50,3206
50,18085
61,2566
35,1438.3
65,6812
45,2700
50,5471
43,4332
48,2447
41,1783
42,11761
52,2340
45,2859
37,2523
48,4776
59,2697
57,3542
57,34516
40,8823
52,1764
43,3492
36,2977
49,30976
43,2810
39,1438.3
44,8997
57,2002
55,4998
37,2310
54,3892
34,2345
50,2135
50,2528
50,3397
49,19719
41,15292
52,31733
54,1438.3
54,1638
50,2775
37,2547
50,5708
46,19838
47,1789
51,2284
42,11535
28,3524
58,30186
44,1438.3
40,1620
51,4038
56,2078
51,1571
43,4726
56,4604
48,34516
56,1438.3
48,2680
41,4312
50,2205
44,2679
54,34516
48,3378
34,1793
59,2228
41,2577
39,1462
50,4038
35,1438.3
34,4408
46,4163
49,7201
49,1883
42,3308
65,2022
43,8597
38,4693
52,2873
39,3400
48,2405
46,34516
44,8241
53,1438.3
44,2608
41,2359
47,1790
54,2247
40,3624
42,1438.3
39,2901
41,9759
57,2525
60,2737
51,19262
33,2252
46,7077
63,2706
49,3263
41,3281
51,8169
46,3276
41,1966
46,5869
34,1438.3
45,3682
27,13439
54,1694
41,1636
48,1449
45,1513
39,1438.3
46,4120
47,2289
45,2016
49,2509
40,3511
45,2751
34,2426
44,12230
42,7328
47,2264
42,3046
51,5881
52,16207
44,15468
47,5950
48,3119
50,1507
51,2902
47,1585
47,2899
50,2295
39,3251
48,4009
45,3411
49,15525
35,2118
34,2275
59,2601
52,4642
58,1438.3
51,1858
59,2636
50,3743
49,1438.3
61,4130
47,10960
52,3900
38,6236
34,2591
57,1615
47,8332
55,2033
55,8082
57,1511
43,11536
65,4010
55,1669
54,11905
44,3052
55,2712
39,1978
37,1438.3
55,1606
46,2406
44,5877
57,2796
54,2876
38,3554
48,9505
34,1576
44,1438.3
39,2973
40,1438.3
41,5647
43,1766
50,1606
54,2223
47,2896
51,2157
49,3802
43,13840
36,2169
47,4862
45,2289
49,22651
48,2406
52,3022
46,12935
45,1438.3
49,1438.3
43,2256
40,1516
48,2485
53,1820
54,2156
48,5826
39,10190
45,2035
45,1833
56,1623
27,1835
47,4490
48,11062
30,1574
52,2370
35,2658
38,2300
44,2368
53,2883
43,3264
46,1937
40,2166
43,7135
56,1438.3
48,3743
31,5190
41,6059
47,2577
43,3761
50,1572
39,1637
51,28600
40,4402
50,2652
41,6602
37,1900
56,3455
47,18123
44,2295
38,1518
45,2723
47,1776
39,1968
48,1860
53,2684
51,2180
41,1661
38,1679
36,1691
46,2888
58,1871
44,3226
41,12114
42,4959
42,10374
45,1438.3
44,1486
41,2542
35,1931
48,1644
43,2283
36,4943
44,1438.3
43,1438.3
52,1438.3
61,1760
50,1852
43,2049
48,1670
35,1511
39,6018
59,3030
58,2755
51,8783
64,1861
50,13709
46,4710
49,17285
53,1438.3
54,7866
42,2190
43,4829
46,3210
38,1755
47,1438.3
37,14485
47,6043
43,6348
56,1438.3
43,17239
45,18432
47,1636
43,7951
44,14201
52,2723
52,2019
43,10305
49,3114
40,4323
50,3647
43,1849
53,2540
42,4972
55,13565
40,6332
41,6062
47,2897
46,13407
50,6610
33,1438.3
45,2030
53,3146
36,5302
55,3185
42,4328
51,2238
44,2658
47,9090
46,2424
57,1438.3
43,1438.3
61,2303
51,2792
44,2900
46,2267
52,4189
45,12890
35,3269
59,2759
46,1787
43,6854
35,2904
44,5293
57,1781
50,3276
55,34516
48,14670
59,4375
36,3448
43,2111
55,3123
42,8374
48,15713
60,4115
50,6925
42,1898
44,2021
33,1630
48,1538
48,22639
39,2452
32,1438.3
41,9924
37,2586
59,2308
48,10514
54,1655
41,2768
59,2533
48,25658
55,4410
49,3468
51,1438.3
34,1438.3
55,6968
35,2441
46,1836
50,2560
43,32733
48,2964
44,8315
65,2279
53,34516
49,1438.3
45,2020
44,34516
56,5261
43,2692
49,1994
44,3290
52,3035
37,2407
47,1781
40,3680
48,2740
42,4311
42,1931
59,3604
47,2190
56,8438
46,3413
26,2163
42,3595
47,9036
48,2315
44,34516
56,4008
43,3143
40,3427
38,2699
40,1538
48,5573
46,2570
43,18008
52,34516
49,13483
49,4349
42,11698
46,8318
46,1438.3
49,1643
42,1503
47,2793
45,1438.3
33,9094
50,6362
60,2394
45,15100
53,2927
48,9030
53,1543
53,4941
33,2279
44,1877
52,1438.3
40,1438.3
41,9577
43,5427
46,5913
43,2867
40,2506
39,1693
54,3137
47,2437
35,1438.3
46,3913
41,4953
48,5724
37,1438.3
55,1886
42,1451
47,2950
42,1438.3
36,2024
33,2299
47,3291
41,1438.3
41,2137
60,1438.3
48,16794
43,12219
54,1804
60,2343
44,19724
49,3949
64,1682
54,1724
50,2372
40,4642
49,2765
49,2555
51,3150
43,2570
59,4386
42,2411
47,6397
53,23958
49,2608
45,4409
48,10033
48,1641
57,2454
56,1978
46,5464
42,5951
49,2381
48,11596
55,5162
63,16312
44,25276
38,1939
45,2788
54,1438.3
59,2448
52,10317
38,3119
42,2803
43,2397
44,1693
52,2866
52,2498
42,1878
53,2712
52,34516
34,6169
51,6205
43,1780
48,1438.3
41,2811
59,7501
62,2856
37,29898
46,1939
50,2965
40,2812
59,10031
62,4049
38,2669
44,1951
59,1528
48,1438.3
50,3143
46,1438.3
43,8406
50,2242
44,6538
42,4710
50,13032
45,2225
52,3143
49,5013
60,3466
38,1686
44,1689
47,1626
57,1614
41,2429
35,1438.3
39,17523
54,2573
43,2900
32,2352
58,2212
33,9642
56,9257
46,1731
61,16929
50,3606
44,1714
46,23512
44,1855
44,1605
46,2302
42,13546
54,2440
39,2669
47,2402
46,3001
42,2552
41,2679
45,1502
61,1438.3
46,3331
32,1438.3
55,2426
59,2791
49,18379
46,3499
60,1438.3
40,18295
39,1568
57,2712
48,34516
55,2177
44,2296
43,2435
51,1495
41,9220
52,23128
47,4254
47,14897
54,3554
34,1798
44,2429
46,2477
36,14304
30,1536
39,15370
45,23981
42,6318
32,3558
56,1677
53,2734
52,2396
45,9852
49,1579
44,1900
42,1820
58,2406
60,4541
51,3124
44,2240
43,1773
27,1674
46,3257
48,32611
47,3027
45,4210
46,10931
55,34516
51,2637
42,2899
40,1438.3
65,1573
49,6184
51,34516
56,1822
41,2701
47,3654
37,2626
48,1438.3
46,13376
55,31636
36,3453
44,3889
47,2216
46,11434
43,3146
46,2790
57,4396
62,14314
47,1889
39,1862
53,2875
49,1763
46,1438.3
39,2623
58,1944
43,1438.3
39,2884
44,2936
42,5791
65,1438.3
55,1912
31,3288
48,4382
46,3595
41,3159
36,5393
37,12222
43,1438.3
46,3429
39,12618
49,6049
39,2533
52,2411
41,2001
46,2042
57,2527
49,1438.3
46,13816
38,2256
49,34516
55,6400
52,1816
42,3347
52,2705
53,2043
45,1912
50,3028
42,1514
48,1438.3
52,3103
57,2504
56,3674
48,2916
52,1633
56,5466
43,2032
62,3933
51,21328
45,3562
39,2069
45,3534
56,2402
57,3136
60,2802
50,2315
44,11238
49,1460
50,2602
36,4225
57,2576
35,1931
46,2344
29,7270
40,2395
50,2835
62,1540
49,3017
50,1438.3
49,1438.3
56,1584
47,2676
56,5084
41,1764
63,23925
51,2886
43,6720
49,15569
51,1565
44,5947
46,18821
56,1544
41,1755
49,1438.3
53,2153
44,1684
45,5662
46,2799
58,12398
41,4461
49,2597
54,9733
52,2261
47,2822
40,8793
53,5843
46,3322
53,2036
28,2387
43,1884
51,3747
58,2220
50,2428
42,1438.3
45,1850
48,16002
54,1438.3
47,5222
39,1438.3
62,2582
45,1533
56,1438.3
52,5763
46,1910
51,1515
52,1538
44,1572
41,1438.3
52,2814
41,1495
37,1959
60,2903
47,4543
42,3119
42,17506
50,1438.3
49,3128
36,5956
43,4177
57,13457
45,1535
41,3203
39,2092
44,2420
43,2313
56,3059
41,2235
49,3208
43,7534
39,2006
46,1438.3
49,14044
44,5005
43,1628
56,3033
56,5204
57,2442
51,2429
60,2213
43,2624
37,1976
46,3492
50,3546
38,2989
44,1438.3
52,1438.3
37,1438.3
45,1438.3
40,2383
51,13587
57,3085
40,32431
61,2207
57,2781
40,6921
50,7596
42,4568
43,6475
46,9949
42,2238
41,1438.3
50,2670
42,1438.3
43,2142
58,3382
52,8961
40,1762
41,1919
59,3054
45,1877
52,4223
36,1666
43,2422
49,4821
51,3264
52,4565
45,1765
40,16050
49,2188
47,1721
40,1737
42,2369
43,2652
52,1438.3
63,1438.3
40,1438.3
60,2481
36,9817
56,4255
45,1438.3
51,4970
48,1438.3
49,2333
50,34516
43,4373
41,1561
48,12073
55,1438.3
41,1438.3
43,2525
47,6451
42,4142
54,34516
43,1897
52,3231
40,1577
37,3061
53,2300
56,2796
53,3024
38,5293
40,1964
36,2051
41,1998
28,11881
41,2968
42,2797
39,13984
49,2505
40,2972
50,5856
44,7182
62,5844
55,2114
54,8208
34,3940
41,5784
38,8632
57,1438.3
39,2255
38,9874
64,1873
54,3288
60,3334
46,3299
36,2754
47,2035
44,3979
58,2642
62,28229
53,2973
51,1612
41,12084
54,2930
46,1963
50,2762
49,2214
39,2292
45,2901
48,2865
31,3934
57,2428
43,5302
41,9139
48,5219
52,10351
43,6811
27,1438.3
39,2255
55,1741
54,2189
40,2040
51,1844
53,8404
47,1438.3
42,1944
38,1438.3
49,4354
51,1857
54,2708
40,9974
47,2271
45,2811
47,6519
57,4316
50,1438.3
34,3116
43,24868
48,1438.3
43,1438.3
39,1438.3
41,17706
47,1819
51,19350
34,3074
42,2281
58,3035
38,3222
57,12045
44,10587
42,2596
58,3008
41,3280
33,1438.3
48,2835
60,1438.3
59,5528
56,2030
41,2413
36,7381
46,1438.3
52,2001
45,3031
47,11354
42,2012
39,23034
40,4947
50,1844
40,1438.3
46,4752
38,6114
55,1438.3
37,2286
57,4784
43,2667
54,2473
39,2001
41,18232
45,1438.3
45,2918
36,1924
50,1770
42,2265
59,3868
43,2701
33,2507
38,2420
46,16547
44,1621
59,3808
49,2173
50,2178
41,1438.3
51,1750
36,1438.3
36,2466
37,2535
39,2385
40,1811
45,2701
46,5387
38,1438.3
44,34058
42,16290
49,1438.3
55,2069
56,2802
39,3390
48,3745
42,26690
58,8513
36,1438.3
55,2258
41,1654
51,2768
43,14566
35,3250
37,2353
59,1438.3
59,4188
45,23542
57,9272
36,1967
52,1717
45,34516
50,5068
46,1438.3
55,2697
51,1438.3
44,7499
39,8700
55,14266
46,2692
54,2957
50,1438.3
51,3007
41,3427
59,1438.3
47,2990
61,9918
50,8159
53,18551
31,1438.3
51,1438.3
60,10886
59,10457
60,1781
50,34516
42,2363
54,2802
42,1640
48,4960
50,4601
48,4100
52,2741
46,4152
50,3386
62,3477
50,23209
50,12610
48,2090
46,1610
40,2269
40,2387
54,4036
54,5342
54,1695
37,1438.3
38,1776
42,5640
42,2403
45,3349
54,3173
43,1504
45,1477
49,2018
41,34516
44,2105
46,20080
39,6690
46,1530
58,2915
47,1438.3
56,2423
54,11742
51,3069
58,34516
36,2517
52,1438.3
45,2216
51,3232
54,3478
50,1814
37,1438.3
42,1446
47,1493
45,4244
40,2984
48,2713
42,2471
47,27437
54,4166
38,13100
43,1438.3
43,2242
37,9874
41,4432
45,4975
49,2652
54,2043
45,3489
52,14858
40,2822
54,2901
52,1594
58,2241
51,2581
40,14713
49,2910
39,2366
54,2708
42,1681
40,2594
41,2128
50,1438.3
47,1438.3
46,4696
52,2566
53,2592
56,1698
57,4682
56,4439
34,2689
46,11670
47,1596
40,3356
53,1590
55,4994
51,16406
52,2451
40,9109
45,2632
46,1438.3
38,1757
46,2711
47,2776
44,1438.3
36,5015
40,8529
49,1604
56,4263
45,2493
38,1568
43,1521
48,3261
39,1781
62,5284
47,5590
57,1734
48,7645
48,1438.3
34,2207
46,1723
49,1644
48,1745
42,3376
47,7298
45,8383
41,3600
45,4595
57,2795
49,1768
50,1780
51,2987
44,2717
40,2887
37,1438.3
46,10879
39,1809
38,1628
45,1438.3
37,1586
43,2311
48,2109
51,1562
44,1438.3
39,2981
47,5295
51,4708
54,2210
53,1972
48,2384
35,2311
46,1912
49,2147
42,3214
43,3006
52,2735
50,3390
54,34516
55,11249
52,2484
40,2932
60,2882
45,2658
44,5589
44,1484
57,1678
34,12373
52,2846
42,1585
42,2837
51,2066
47,20789
48,1449
39,3911
56,1737
48,1815
46,4848
46,1592
40,1768
44,8128
45,2557
44,2991
49,34516
45,19099
44,4559
58,22981
38,2358
48,22067
43,2023
36,2222
59,1438.3
40,8958
36,1937
40,25219
36,1815
60,3361
47,4786
37,1438.3
51,1438.3
42,2725
42,10039
45,2467
52,1438.3
57,1759
46,2206
35,2045
54,4170
47,3300
26,5422
56,2015
47,2048
37,2152
44,3017
53,34516
33,1819
46,2228
44,2279
48,1438.3
45,1686
48,1942
53,3858
44,11651
43,9449
50,3423
47,2915
50,11486
40,2984
37,1653
47,2723
40,1438.3
43,1818
56,4384
43,1824
50,5452
50,9248
55,17627
27,1438.3
44,5357
49,2542
51,2275
43,1706
54,3591
44,19360
56,1707
53,3844
45,2851
49,2951
38,1438.3
54,9090
45,34516
53,1837
48,2300
36,2611
40,22863
53,2192
40,2917
41,1438.3
37,1784
43,8919
52,2164
48,2792
60,1634
39,2144
37,3664
40,4788
34,2164
48,1532
56,1883
44,3659
47,2946
45,2697
47,3811
35,1613
42,2043
47,1684
47,3127
47,7106
50,2784
51,5536
45,1717
47,1438.3
42,1866
52,2516
45,3076
48,7514
52,2804
58,1817
43,2590
39,4938
53,19940
52,12366
40,2583
62,2616
52,6053
59,1708
49,2393
53,3424
48,2640
59,1931
50,2123
54,1606
41,5633
57,1438.3
50,2590
43,4556
47,1537
55,1602
50,2080
46,7565
47,4786
53,2375
48,8446
60,1977
42,13908
52,19220
44,2709
38,1503
51,9186
50,2165
41,1438.3
61,6673
53,2404
47,1666
41,8228
54,3186
53,2596
43,1662
42,2053
32,3193
45,1927
39,2821
48,3879
56,1971
48,1755
42,2031
46,2330
46,1438.3
59,1438.3
60,5130
54,11794
50,7603
41,3606
49,5153
47,2500
42,2654
35,3611
47,1882
47,7421
44,4606
32,12268
50,9873
46,1555
52,2160
38,3809
44,5362
43,1834
52,2577
47,2721
50,2925
44,1545
49,2212
46,13001
36,2784
50,2317
41,1867
50,2595
46,1438.3
46,1696
46,2694
51,2791
51,2146
61,1438.3
38,1438.3
44,4269
45,4195
48,1832
37,2588
63,4847
46,2423
50,7507
51,5232
43,1438.3
47,1828
49,2557
42,2283
35,2684
38,7234
37,1438.3
42,2730
50,2808
42,6275
43,1438.3
44,10834
44,1522
48,2845
41,2329
47,2099
42,5099
54,3805
47,11438
43,2434
44,4703
44,5254
45,1438.3
40,2206
50,3600
46,7116
37,1788
60,7508
39,3333
50,13745
34,5021
43,4396
40,2558
30,9641
38,12621
40,2313
53,1438.3
44,1791
52,2300
42,2526
42,2918
53,6074
45,4995
34,3323
56,2464
34,2730
35,1438.3
43,4617
50,8220
40,5716
49,1635
52,4259
40,5869
56,2272
49,2598
50,10762
39,1982
33,4651
52,2437
42,2563
49,4576
44,2245
39,1776
45,2911
47,2257
62,18457
46,1681
52,1461
48,2363
49,1438.3
42,1840
49,7382
51,3861
53,1562
49,3088
55,1438.3
46,2168
34,2432
44,2197
39,10009
47,3979
49,2189
46,8243
42,11946
31,2239
48,4025
52,1663
39,3649
43,1438.3
57,2894
46,1621
45,2740
45,5562
41,13733
46,2374
51,2267
48,6130
37,7361
41,1569
47,1626
35,2158
43,2283
57,2542
30,1438.3
47,2335
34,2033
41,4739
36,5821
47,2182
53,3319
52,3021
49,29219
52,1438.3
48,4431
46,3131
26,1486
40,6384
39,2077
40,1956
51,24462
43,2725
46,1474
46,9880
58,2467
46,5397
50,3370
37,11239
55,2240
52,2737
48,4170
46,21839
49,1991
55,29795
52,1438.3
44,24221
42,2131
41,2787
48,1438.3
42,2712
43,2605
42,5169
49,4694
50,1848
43,6039
54,5256
48,1708
57,1629
54,20401
56,3296
48,8956
49,1438.3
46,2671
58,2493
59,2687
37,2208
38,4196
47,12581
41,17890
48,1930
36,8513
40,9599
38,3192
43,2778
61,3293
48,7268
43,1721
38,3976
52,1954
44,12725
40,2690
48,2926
46,2371
44,7751
42,1601
34,2401
39,2187
57,4661
40,8494
36,2262
43,2525
38,2450
36,3926
40,1438.3
51,4789
41,2864
43,4607
43,1971
53,1473
55,3187
38,5589
42,2346
34,1438.3
40,1826
40,2208
35,1476
51,2927
53,4778
43,1438.3
46,16239
37,11726
47,1438.3
45,2647
50,2492
46,2418
50,17827
49,1438.3
54,1764
47,1776
46,1438.3
47,1491
46,2552
42,2996
44,1701
53,3998
46,3025
48,3251
51,3031
57,33211
59,1863
35,2691
45,2288
42,3413
40,15471
40,2038
47,1953
43,4430
44,3398
48,2021
53,2329
34,1696
52,4222
45,6614
42,3241
48,4204
34,3234
40,2473
42,4836
55,1438.3
44,1438.3
45,1438.3
57,12675
44,2228
40,2813
42,3223
55,2653
45,2745
40,34516
52,2516
46,1870
56,3934
49,3038
53,1982
31,1623
55,3088
44,8064
56,10016
54,4523
53,1944
46,6083
38,2425
56,2607
53,1953
41,5813
43,1438.3
41,1588
62,3749
42,3734
56,1796
45,3223
33,2748
57,2448
49,2548
46,1489
38,8953
50,3187
51,1757
52,2597
45,5999
56,3617
56,3219
41,19782
51,2522
43,3327
42,4708
48,3745
53,11561
44,8477
59,2120
45,2867
45,2293
51,8671
49,34516
43,2679
38,3224
45,1438.3
54,7773
44,8075
57,3052
51,7932
48,1753
48,5814
53,1989
55,1843
52,1438.3
34,2991
43,9560
44,2616
54,2939
49,3085
49,5275
41,1950
43,2341
40,3758
54,1621
50,10946
56,3422
39,3108
33,3202
43,1855
47,2155
42,4150
45,2226
48,1610
53,2046
52,1795
42,1531
53,1472
50,1438.3
37,2886
39,10024
52,1760
38,1461
51,8840
38,4468
42,2516
35,1555
57,1438.3
42,5195
57,17268
37,1649
57,1609
43,3342
63,6973
43,17228
48,1898
46,1438.3
40,2321
52,8185
53,3096
57,2129
50,2615
46,3157
36,1707
49,1838
38,5523
40,3021
44,7317
59,5218
53,1438.3
54,11114
51,10648
45,2976
52,6629
42,2812
48,10761
40,1968
55,3897
45,4721
40,34516
33,2831
57,2312
51,8924
58,1508
53,1438.3
46,21350
57,1438.3
52,10431
40,1438.3
37,2346
47,1438.3
38,2369
42,3659
38,2153
47,9430
45,34516
44,3897
47,11671
48,11367
42,2575
42,3433
44,7317
46,4416
39,1715
57,3667
54,1874
50,1438.3
56,1579
54,1626
50,1596
56,2604
61,3359
38,2363
55,4978
38,2155
38,4047
47,4345
55,1854
50,5384
48,1438.3
33,5141
44,3977
52,2507
46,7199
41,3786
50,13384
39,1726
42,2873
33,1438.3
44,1751
42,7434
52,1438.3
59,1438.3
45,2032
61,6959
43,8203
59,4789
46,2979
40,2391
63,7264
45,4348
49,3002
42,4162
46,2762
42,2705
53,3742
60,1671
55,3282
50,1529
34,2509
54,2471
42,9749
48,1438.3
46,4916
47,2291
42,1528
52,8279
45,5945
44,1438.3
54,1857
42,3086
54,2598
38,5559
51,7562
41,4662
52,2904
42,2676
46,5798
46,2665
55,2343
29,2763
62,10503
47,2780
47,2234
35,1649
42,5557
48,6074
40,1728
46,3044
41,8482
35,1438.3
52,3770
56,2963
48,11750
41,1593
38,10486
48,2168
38,5666
53,13679
45,2143
57,4945
54,1921
45,3001
38,2132
45,1663
32,1732
46,2652
41,5037
51,6519
60,2347
31,2061
44,1643
49,5039
53,2915
33,1507
46,3073
43,8314
42,2798
40,20929
46,1754
52,4209
45,2449
39,4618
41,1654
49,1544
60,3618
37,3437
50,5965
46,2644
59,3481
49,3272
35,3019
52,1801
27,1438.3
41,2909
45,4688
37,1438.3
47,1438.3
41,1655
47,1438.3
41,4745
51,1438.3
53,5182
46,1438.3
43,4287
54,1812
53,2304
51,13623
50,2765
54,3731
46,2485
50,2446
44,2020
48,2214
45,1811
56,5254
36,1821
44,3024
50,1930
54,1517
39,2024
53,19138
56,16835
60,5549
42,2145
43,4654
44,9114
33,3043
53,4621
44,2758
54,1740
34,7744
50,3350
40,34516
47,2874
40,2896
41,9294
47,9389
44,9317
34,7452
39,1817
58,10021
42,2344
48,3072
38,1946
52,1471
42,1438.3
43,1484
37,3233
55,1745
59,3709
53,2160
41,1438.3
55,2638
56,10214
52,3240
58,2038
49,1438.3
53,1438.3
56,8111
60,10730
46,2872
49,1567
43,7278
45,1438.3
34,3190
36,1470
45,3081
43,3793
54,3034
37,5245
49,2960
54,1779
43,1620
49,21680
47,2952
53,3918
52,12764
29,1438.3
50,3287
44,3891
49,4048
51,3559
47,2843
58,2127
39,4325
42,1695
48,2648
61,2602
39,1811
56,1891
46,2881
42,2827
48,4095
34,1666
42,1438.3
54,2205
41,2890
50,10417
57,2363
48,3137
51,1483
35,3009
45,5087
46,1925
56,7234
57,2063
58,5530
58,3819
59,2645
51,5448
56,3495
50,8074
44,7772
42,3124
56,8688
49,15987
47,15109
42,4953
50,22304
27,1893
38,2232
52,1766
59,3790
33,6392
51,9989
56,1438.3
48,2559
53,34516
41,1438.3
50,2473
34,4022
59,3510
57,2347
56,1632
49,1522
44,2085
60,3803
47,3165
60,4628
52,2253
49,2655
54,20882
41,3306
45,2052
42,8480
53,2081
53,4637
53,1438.3
38,3420
26,3416
46,2171
57,2791
32,4445
43,1530
48,1438.3
52,5721
38,3809
48,3520
41,1604
54,1632
46,3914
36,2328
41,34516
45,3883
46,1438.3
51,3229
44,3080
38,2569
50,4517
46,2292
52,2510
40,2420
38,2703
44,3047
54,7570
34,5795
46,1441
50,2999
38,1438.3
44,1438.3
51,4762
40,4802
51,2268
51,1438.3
56,8204
39,1827
47,4072
31,1984
48,8086
51,1588
47,1536
35,4460
46,11287
48,3430
51,1759
41,6314
57,7176
58,2295
43,1438.3
48,1843
49,2181
47,4754
43,11247
55,16258
49,34516
43,4255
48,1438.3
57,3029
56,9091
50,3318
44,1791
43,1620
58,1552
53,3472
48,10973
50,25645
59,4257
42,3422
45,4977
33,1438.3
39,1438.3
40,3369
47,7114
38,10972
45,1438.3
48,2446
45,3439
56,3005
50,2033
53,2415
40,5051
49,3519
26,10254
48,1853
51,28673
44,1895
56,2041
46,1438.3
54,1572
48,3187
59,7427
50,1460
52,25410
56,2143
42,8566
43,1438.3
59,3297
39,2816
53,10533
53,2370
35,1678
36,1493
51,2350
50,2690
42,7226
54,3173
43,2890
46,3313
40,2625
44,1834
43,3226
56,3426
49,2174
60,3959
49,2215
47,2814
56,6941
44,3269
42,3172
54,2452
36,5070
56,1466
52,2427
59,17999
44,4553
55,2953
39,4363
57,1894
48,2097
47,1983
50,2210
52,7879
46,3336
34,1726
45,2917
39,3023
49,1915
43,4878
41,2066
53,2164
42,6250
43,1484
45,4718
44,2275
44,1438.3
51,3683
38,2722
43,34516
48,2072
53,6383
39,2725
47,2675
42,1438.3
50,13478
46,2841
33,1830
37,2360
43,3717
56,1438.3
42,2289
56,5338
44,1438.3
40,2276
43,4091
45,3798
47,1778
38,2920
49,1938
62,4049
45,1438.3
40,10880
51,3451
41,20749
49,2481
61,2415
33,1438.3
45,7600
35,1438.3
41,2601
48,2625
49,5578
52,3698
51,1438.3
45,1795
42,1933
41,27169
30,2367
54,5642
60,3239
52,3040
37,3680
44,1787
52,4752
46,1706
45,8103
43,3764
40,5492
39,3554
44,3170
49,2464
41,3429
50,2021
54,2444
39,2751
52,9017
51,2107
46,2029
48,32777
50,4607
52,23486
54,1997
40,3144
47,2725
53,1874
45,7135
35,3379
48,2804
44,16553
41,2246
42,2875
51,3668
45,2853
50,2382
54,2830
47,24987
52,3705
49,1675
47,1439
54,4440
52,2563
46,1896
39,2190
55,2596
44,4196
43,1616
42,6618
50,2477
38,3040
41,4697
51,4436
44,13138
46,1438.3
38,3297
46,6272
54,5608
42,9906
30,1621
49,2305
54,9525
41,4742
51,3168
37,2939
44,2724
46,6990
45,1870
55,1438.3
55,4629
50,34516
36,1558
45,13093
45,1438.3
41,4451
44,6426
47,2761
38,2148
49,2485
39,3394
50,3367
50,4154
47,2154
54,2506
46,1774
43,3287
42,1821
49,34516
45,3918
49,5455
41,2372
45,1492
44,1550
58,2669
42,3311
51,3068
55,2721
37,3050
60,3356
42,2647
50,2407
52,2233
42,32106
48,2089
48,2185
44,4057
44,3183
45,2699
57,17096
50,2897
46,6568
40,1622
51,1438.3
34,1677
48,7884
57,1860
48,8074
47,2124
48,3413
41,2178
47,2446
37,3967
45,4146
26,34516
58,1869
46,2168
49,2096
41,7293
46,1438.3
42,1438.3
57,2298
48,3829
58,1517
46,13427
53,16747
58,9926
54,2691
42,1456
43,2005
35,4790
46,3123
42,5471
53,13670
52,3460
48,3202
31,1438.3
50,2296
54,1476
35,12287
41,2470
46,24431
41,1950
49,6615
47,5756
55,1438.3
32,1438.3
50,1912
45,4549
45,1979
40,2803
45,2548
45,1457
32,1438.3
59,1980
48,2216
57,4262
42,2573
55,5431
43,3092
37,2984
48,2186
34,2669
50,1789
36,2835
44,1558
47,7299
56,3556
45,1438.3
35,1507
51,7551
38,2468
42,2515
59,9076
45,10699
34,1439
44,7212
54,3089
46,11250
53,1665
54,2456
47,11773
43,1438.3
41,3104
48,2337
50,4060
42,3428
44,12967
45,2326
39,4376
46,12745
39,1790
40,2969
43,4970
49,5400
46,2069
52,3192
48,2105
44,1876
57,1462
40,2351
54,1719
47,1438.3
26,2516
33,4883
38,3413
59,1852
35,3339
45,3785
61,2228
55,3626
58,2194
41,2665
42,2444
45,3335
45,2726
51,1665
40,2734
57,1727
50,19349
53,13409
45,1438.3
42,6330
49,2575
55,3391
48,5298
44,2540
63,14324
48,2876
41,1504
45,1839
54,1685
48,4850
40,2840
47,2977
45,34516
39,1961
53,2156
53,2772
29,2832
44,1552
46,6362
40,11409
40,1965
42,1622
38,1736
54,8827
49,24256
52,1915
38,1438.3
44,2006
44,5594
52,3505
56,1667
47,1636
52,3281
50,1477
44,1905
39,6146
53,2672
42,13426
48,9104
47,30300
51,7088
56,1872
33,2874
36,6763
57,24379
39,2867
59,13172
41,2201
29,3261
39,5027
47,1811
49,2465
43,7584
46,4065
60,28930
48,4963
50,2049
47,1943
56,3485
43,23459
51,2306
42,18177
49,3252
47,2894
44,34516
44,34516
53,34516
41,7839
49,16494
49,6224
42,6078
50,21322
51,1590
52,1986
48,15618
44,34496
40,2544
42,4765
43,16583
42,6153
42,15987
51,5139
61,3421
59,11000
46,2490
51,34516
48,2490
44,2055
56,14344
42,3453
40,20304
61,8283
45,11318
49,2384
47,11919
45,2948
43,5397
42,12294
42,7253
43,21922
40,13452
50,24735
53,4942
49,14973
44,19719
49,29690
42,6751
43,9484
51,4333
40,2481
57,3059
51,34516
49,25178
61,7169
62,18224
39,34516
52,4813
38,24965
50,12569
43,34516
53,8259
42,13804
43,5700
43,6448
57,5479
50,3749
48,30210
41,5807
44,3605
44,17077
43,5380
51,34516
47,27720
47,18341
38,27712
46,8285
41,19704
47,21325
41,34516
49,7045
44,14388
48,3874
44,4752
50,34516
59,7484
49,34516
42,34516
52,18336
46,2259
41,10682
39,8587
46,5494
45,1946
53,6228
42,7537
44,13609
47,34516
46,34516
38,15987
46,2391
39,34516
47,20811
46,34516
45,3735
50,2275
43,7350
48,1913
50,4249
40,2136
46,18956
45,13445
53,8979
49,6674
52,6265
47,34516
47,34516
43,13165
49,9959
40,9243
53,4737
51,2710
46,2000
41,34516
42,8798
50,24670
51,23453
44,34516
49,6139
51,14800
53,9815
49,3919
59,12265
47,3256
50,19000
44,34516
48,13197
47,22599
43,23457
40,5238
41,31560
46,6218
47,34516
44,29572
52,2743
39,2844
53,9678
49,26882
52,5207
46,15034
44,3107
52,12214
52,23070
50,2167
55,34516
45,6895
44,25894
46,3138
49,12055
53,16592
60,34516
47,33184
54,10753
39,9959
46,2069
43,11362
53,34516
44,20001
48,8786
41,7142
45,4477
41,5357
51,34516
44,2367
39,23402
40,4587
41,6565
46,6030
50,6982
50,5128
48,9405
49,34516
49,14646
41,12578
36,4370
52,3416
42,6224
49,10741
41,34516
50,34516
53,6058
49,8561
46,9959
51,7645
51,1922
51,5625
54,2274
46,34516
43,9422
48,7469
43,3849
41,34516
49,4778
51,34516
47,5168
53,3199
55,21046
51,34516
40,6540
60,8141
40,33441
46,5496
42,3794
46,5785
51,19387
43,2838
41,4086
47,31987
43,9043
47,11128
51,3062
44,23981
44,34516
39,22054
53,2199
45,9303
47,34516
40,7566
50,11343
47,15155
55,10795
44,6633
54,8572
40,34516
50,34516
49,14895
49,2636
39,9511
43,10896
43,8401
45,12406
47,6769
45,2737
34,32292
52,34516
33,15987
43,34516
42,2437
49,4557
55,10949
39,10398
40,22361
46,3841
46,34516
58,34516
44,10877
42,5848
50,11552
46,11901
37,2273
57,3082
52,9298
62,4136
45,12399
57,15030
44,6441
42,7469
40,3569
47,2781
51,34516
45,4174
50,23223
46,6954
47,7136
43,1820
52,2937
46,6636
41,31497
52,34516
52,1959
51,34516
49,7801
55,6455
46,11343
43,23981
46,2879
49,7667
41,34516
37,6713
51,10984
50,34516
57,23058
40,17606
52,34516
45,18000
48,5550
39,1621
49,3244
45,5800
43,2550
45,34516
38,10874
54,13769
39,17894
49,15016
45,9036
54,12813
40,4660
49,34516
48,13174
43,11210
42,31639
49,34516
43,34516
44,2490
45,26438
38,7504
44,34516
45,34516
51,15048
41,9357
51,11548
56,8767
42,5306
52,3608
49,15987
50,31782
42,34516
45,19107
50,34516
41,21751
44,7926
51,34516
48,27984
40,24499
49,2221
43,5858
51,27318
44,9766
59,26692
49,34516
38,14938
52,33256
49,34516
47,5791
51,2319
46,17698
52,34516
57,6482
40,18975
44,34516
47,2479
41,4941
42,34516
44,8230
44,22226
47,28852
36,6893
45,7653
50,26840
41,4549
55,16828
45,6530
40,11642
43,5390
49,7037
47,8390
49,2122
43,3442
44,6680
42,34516
44,7244
52,34516
42,2476
40,2019
54,8758
62,6103
52,2166
50,3449
51,2984
54,13432
39,10830
50,2673
46,34516
45,20633
61,9070
51,11954
50,34516
48,4479
50,3968
58,2599
46,10074
46,10901
42,8325
38,34516
40,34516
43,7196
48,34516
38,34516
46,32926
44,18072
50,24533
39,4874
50,12889
41,7531
49,1838
42,30117
46,5131
44,34516
53,24262
51,34516
38,7385
50,20708
47,14057
38,34516
45,17072
52,25737
44,2211
35,16950
44,15043
40,29338
57,25808
43,2248
45,3670
44,8861
47,34516
50,8014
44,2771
51,34516
45,8383
44,15365
48,2913
40,4748
50,34516
38,2609
43,11508
45,2396
49,18991
44,10908
53,14627
46,2219
56,25736
63,7997
40,2849
45,29227
52,34516
50,12458
62,7547
44,34516
45,10677
53,2340
38,23981
44,6329
42,4960
44,34516
55,15987
52,3244
48,7298
48,28307
47,2430
49,7650
47,6443
47,13356
56,4675
61,2177
45,34516
49,2821
44,6769
50,34516
51,30172
44,7742
46,11814
41,28687
51,25653
52,4705
39,19150
38,34516
51,11765
41,16627
43,13553
40,11476
58,5182
44,23026
48,18477
49,29890
48,8290
44,16199
54,3723
45,12695
54,34516
46,30379
37,9875
41,34516
43,2600
39,34516
61,12218
51,34516
48,21754
46,8396
39,15987
55,12094
44,2946
48,17812
46,13743
39,23981
45,15785
43,3015
40,19000
49,11714
39,11135
47,34516
42,34516
44,13259
47,5660
63,23355
49,20734
43,2476
55,34516
46,7552
42,14630
43,6080
51,28605
49,2886
51,34516
31,10850
43,24244
59,17218
41,14746
53,34516
39,34458
57,34516
60,9369
51,22741
46,9110
45,34516
41,17277
56,34516
39,33565
49,20176
45,3751
47,2519
50,13067
45,3399
45,11529
40,8694
52,6616
51,11467
44,15821
56,34516
30,15795
62,3109
47,8837
42,6551
52,2540
46,8110
54,6146
58,2236
34,3711
43,2082
49,9959
55,18980
47,15472
50,21498
41,2667
44,4291
39,3879
43,12773
32,6224
40,9594
49,12518
56,2783
60,3773
41,19281
43,14806
32,7473
47,3108
46,34516
41,27742
51,14563
58,10286
48,7791
53,3733
52,34516
45,14416
41,34516
37,12033
44,34516
49,3243
32,9761
36,5723
47,9947
49,3599
58,12648
45,4572
53,4021
45,25601
44,25428
54,4216
38,3140
46,21161
41,5877
48,9074
53,4142
39,3152
48,15987
41,8919
54,24927
49,3308
61,6157
41,33889
52,33552
44,34516
33,19594
37,7349
52,14803
51,3536
43,19333
54,11605
31,3329
40,3961
49,5975
60,3735
62,5780
44,19141
43,3461
56,29394
35,24250
40,16191
52,7261
29,4023
52,3764
49,3767
37,6407
47,5822
32,33711
44,31699
47,3429
45,8858
46,7064
34,15487
39,3600
46,34516
50,34516
45,2490
56,33870
50,34516
30,23760
53,4005
60,29239
41,34516
42,3391
31,4598
51,34516
45,3435
55,17540
51,31346
28,4342
44,3842
51,3785
48,6797
44,9682
40,3319
34,7664
47,30498
50,19962
61,21398
56,4746
46,20434
49,29531
56,3730
41,10688
56,4668
35,22725
40,8155
41,18266
46,10492
56,6380
37,19055
51,3477
36,3277
49,34516
35,3616
46,3973
45,4318
48,7660
46,3515
36,13313
30,4541
49,8284
31,3768
35,14382
54,10798
49,23981
40,22729
41,27670
37,3423
46,33874
61,3175
45,7979
41,13679
47,14767
44,34516
61,4650
45,3592
31,32535
42,3214
32,4819
42,16433
49,12174
52,9230
39,6867
51,34516
52,18046
40,7680
38,7825
41,5002
27,34516
50,4755
58,22104
53,29038
40,4620
58,34516
41,11463
59,6224
53,19252
53,34516
31,3232
44,34516
47,23981
47,4822
46,34516
53,12100
40,20466
42,17887
33,23399
45,13026
61,15698
31,5590
47,17575
46,29528
54,34516
60,4147
55,12494
32,34516
49,13411
41,34516
45,17646
45,11121
30,4109
44,6176
40,4512
31,32791
40,4772
56,10602
47,7953
29,8022
38,34516
56,9092
53,5541
56,7204
27,4548
38,3860
48,14581
44,3084
49,12375
36,23981
30,19534
42,22993
51,34516
59,15164
45,7231
56,34516
31,34516
48,9215
32,25438
46,3759
52,3029
30,4203
48,21526
55,12207
39,32089
43,3541
43,7139
47,3669
57,5859
53,15594
48,34516
50,6704
53,32417
48,2754
41,27945
51,34516
51,7098
39,12338
51,16703
43,16667
54,18512
47,14131
51,3276
38,34516
38,3629
44,13067
32,3845
41,12094
50,34516
60,13312
38,3466
59,15223
53,34516
40,5989
45,5287
53,9060
56,4731
60,9502
42,29738
48,3918
58,3944
55,6577
51,34516
46,34516
45,8670
40,32554
56,8331
34,32056
48,15524
45,4010
42,3275
49,18349
35,3388
32,4015
34,9719
33,4178
40,3735
43,29856
29,11522
42,3161
48,14774
39,34516
51,5118
41,14682
42,3108
32,3223
43,28612
50,6224
44,24134
36,27929
44,3657
47,8257
45,23051
53,14839
43,3755
48,3862
37,7539
43,10588
59,11808
31,15504
52,12091
41,13818
53,4442
55,5282
41,34516
55,34516
31,10353
48,9959
42,6280
57,13694
34,8940
54,6546
46,32587
38,11474
40,34516
56,9463
44,12552
39,21679
42,10531
60,4905
35,34516
42,34516
30,10017
37,31832
37,5843
43,34427
34,34516
48,34516
31,34516
47,4779
51,4248
43,7872
41,6077
48,3882
41,7207
48,6121
40,34516
32,3535
55,34516
50,34516
49,6224
37,9178
31,4328
52,9959
60,9634
35,19033
48,8624
44,3575
44,5508
31,5871
56,15219
46,34516
29,8147
37,3525
32,9711
52,11358
58,6765
41,4725
50,3699
29,34516
32,8851
52,8506
48,3442
33,3731
51,7744
46,5972
47,21714
32,3371
50,9546
28,3848
44,9199
43,13381
50,2833
53,15101
58,3603
51,4132
39,4366
42,6128
44,34516
44,6882
46,13490
39,17978
45,3821
41,3624
42,3787
38,4623
36,4343
43,17328
51,3803
52,23889
50,34516
49,3999
44,11782
43,3220
48,9742
55,4178
48,34516
45,26819
54,9580
47,7940
39,34516
47,3471
51,14938
49,14072
58,15928
40,20798
60,9752
53,3234
45,24844
49,3090
48,9943
44,3384
29,3640
42,34516
45,10186
45,15987
46,16983
39,34516
32,34516
38,34516
50,4268
50,10748
37,31718
42,9959
53,34516
52,11898
57,34516
46,13056
60,14002
40,5500
49,8549
56,4390
55,24884
55,3591
55,4841
31,4246
44,7469
54,29974
58,20724
53,21079
59,3720
54,11077
32,12024
48,4446
54,34516
32,11511
42,34516
42,19192
29,3076
43,4196
45,3243
56,17542
46,32949
41,32250
50,34516
52,23981
52,4090
32,4251
52,4119
60,13399
44,9070
48,7469
57,23714
52,5240
34,3744
40,15594
45,8449
59,34516
43,9959
30,4192
38,3416
42,3322
50,14217
49,17350
58,13784
54,3181
39,5325
48,23981
36,3920
56,5158
57,5073
47,4074
27,10284
42,34516
53,34516
57,3999
50,3468
50,11900
51,9701
61,34516
30,6075
60,13035
43,17306
41,15987
42,34516
36,34516
27,7469
59,12918
59,4085
55,3705
56,5319
34,4549
49,15894
32,17894
49,5855
60,13062
51,7428
39,8848
54,7362
53,34516
35,4380
47,12510
52,23712
57,9149
47,34516
54,3784
39,9680
50,34516
60,3845
41,13409
50,34516
51,8065
56,20501
41,23260
44,9073
36,20101
31,6911
49,3423
40,10729
49,34516
46,34516
54,28570
29,12495
46,13344
50,32563
49,3375
50,12299
60,4613
55,10858
57,34516
47,4207
45,3336
45,5465
55,12633
39,34516
35,3876
40,3326
49,34516
32,3264
46,6903
42,2940
51,13731
52,4826
43,4259
38,3523
44,34516
47,16998
56,11714
32,4097
41,3952
41,29295
31,26423
45,3196
50,4935
31,34516
47,12933
42,29937
48,8881
52,27514
45,32275
48,4107
53,7469
58,5023
36,6071
45,27494
41,7106
43,17230
49,30885
53,3629
39,34516
50,17970
38,10343
43,9267
55,2985
39,14386
38,3581
37,3079
48,3594
34,10488
50,34516
41,24001
49,5500
37,34516
46,7790
53,10301
48,23939
31,21615
40,8712
37,12203
61,15483
45,20356
32,3548
31,4661
43,15987
57,30543
42,5230
43,34516
39,3246
46,10018
43,10272
32,4097
49,19846
32,4469
49,20701
54,8426
38,16722
60,34516
47,4413
31,5342
52,8455
49,7659
49,11059
31,4093
39,24239
44,7793
32,6407
57,6024
48,3352
44,32222
31,34516
44,34516
49,31091
54,7464
29,11722
41,7769
46,3569
47,3216
30,3789
31,3533
43,34516
52,27229
52,34516
43,6261
57,6996
52,4440
55,3150
57,4288
54,34516
51,5189
59,14458
43,16909
41,6739
45,4982
31,12359
51,9959
53,8507
48,15355
59,23731
42,17909
34,3995
46,34516
51,34516
48,8297
52,5520
58,3736
38,9664
56,4132
38,28043
41,9959
45,16453
43,8256
31,13427
47,3263
34,34516
40,23502
35,7685
32,4065
41,9815
50,17374
39,7093
33,34516
48,3329
37,4116
28,20030
49,8687
39,8656
45,3544
29,5988
54,4917
53,18591
39,3297
43,5702
27,10982
43,34516
37,20144
47,16349
48,10610
43,7386
41,4720
49,3660
46,12932
60,6089
53,5905
28,23103
52,11280
38,16565
50,34516
31,14305
35,6104
48,4207
51,34516
52,34516
52,34516
30,4063
36,11791
29,17744
58,34516
55,21032
61,18571
51,3735
53,10948
44,29076
47,20237
51,34516
53,34516
45,4307
38,34516
42,14828
29,3839
37,3727
45,14290
34,7594
50,8416
44,34140
42,13753
44,3472
42,15315
54,12086
60,34516
47,5016
42,4333
46,10325
49,18418
43,9633
47,3842
45,20958
45,3024
34,8698
43,6824
50,34516
44,34516
38,3311
54,4752
51,4041
43,19713
48,6725
31,15261
32,33779
42,15648
28,9283
49,3970
44,6159
31,4829
59,15633
47,34516
51,10017
53,3895
51,5611
51,22722
38,16033
40,12978
57,9129
45,7500
50,14804
53,34516
47,9683
35,19671
42,34516
40,5056
48,25217
27,3585
31,21067
40,4283
37,25187
60,7469
50,18142
49,29865
52,3388
49,34516
49,9431
42,30770
29,6500
45,4209
32,3657
30,4107
57,3638
39,8325
49,27124
38,13747
36,28174
31,11109
52,9959
35,4014
46,21226
56,3681
39,26710
32,9550
33,16127
52,4935
55,18022
50,16748
44,10973
32,14143
51,34516
54,7684
45,34516
44,26021
44,3843
40,14840
39,3929
48,11427
48,20974
43,3771
56,23362
32,8135
40,13669
54,34516
36,9764
48,8431
47,10585
41,34516
57,7882
39,33905
51,33004
40,20891
59,22715
46,3818
52,3526
41,6991
41,16268
38,5768
57,34516
41,9491
45,15987
37,3645
61,3466
49,9797
31,3399
40,4155
46,15164
30,13894
50,34516
56,6828
46,5542
58,15733
38,30082
46,3659
58,22718
43,3676
53,17721
59,4404
40,4423
49,34516
30,4184
51,34516
47,26923
33,15977
59,26812
44,5175
30,3955
43,22355
56,23240
43,5479
50,16081
32,5497
39,14135
38,31546
49,34516
52,4353
48,34516
48,3310
49,4601
46,3981
40,4458
48,10292
44,15944
30,4377
46,4930
49,4982
50,34162
55,4047
43,6380
42,3534
36,6091
42,23981
53,7832
56,34516
49,13704
39,4423
56,6224
41,4133
57,34516
56,5270
48,34516
38,3782
50,5173
56,4058
32,21551
60,9805
38,7530
45,8983
53,4855
53,5735
48,9524
55,15987
49,5181
37,28831
31,4169
46,7020
33,3709
30,12833
40,3804
50,21794
43,3304
59,3850
49,4158
44,4182
29,4626
58,3742
43,13651
38,26794
53,17190
49,4167
44,12944
31,6933
47,34516
37,13589
44,4552
51,3750
50,17655
57,8224
43,3946
41,5654
40,16268
45,28564
42,6172
50,5435
29,16496
42,8348
46,7562
49,14938
43,34516
45,7935
45,34516
52,9611
36,12958
52,4103
40,6888
38,21906
59,7288
46,34516
56,12540
31,4493
55,34516
51,8900
39,29808
42,3735
33,8398
51,22754
51,29663
59,5043
58,4299
61,11859
47,17504
47,4165
56,34516
49,6481
33,34516
27,13303
29,4700
38,5639
46,13187
57,17925
50,9959
55,14657
54,13940
56,3688
50,4003
41,4277
44,5409
30,5281
43,10388
